localizacao,tipo,titulo,descricao_detalhada,video,imagens,links,audio,user_id,id
"-23.93788, -46.319121",assistencia,Centro POP Santos,"O Centro POP oferece suporte para pessoas em situação de rua, incluindo alimentação, higiene, encaminhamento para serviços de saúde e assistência social. 

Localização e Contato;Endereço:** Rua Amador Bueno, 446, Paquetá, Santos - SP
 **Telefone:** (13) 3201-5000
Para mais informações, visite o site da [Prefeitura de Santos](https://www.santos.sp.gov.br/?q=servico%2Fcentro-pop).",https://www.youtube.com/embed/Jza5eookk6U?si=A1o6qeBL2O27YuJR,,https://www.santos.sp.gov.br/centropop,,,1
"-23.9720242, -46.3013736",assistencia,CRAS Zona da Orla e Intermediária,"O Centro de Referência de Assistência Social (CRAS) é uma unidade pública que atua como porta de entrada da Assistência Social, oferecendo serviços de proteção básica às famílias e indivíduos em situação de risco social. Na região da Ponta da Praia, em Santos, o CRAS responsável é o da Zona da Orla e Intermediária. Serviços oferecidos incluem:

- **Proteção e Atendimento Integral às Famílias (PAIF):** Serviço que visa apoiar as famílias no fortalecimento de seus vínculos e na superação de dificuldades, por meio de atendimentos psicossociais, visitas domiciliares e atividades comunitárias.

- **Gerenciamento de Programas de Transferência de Renda:** Atuação em programas como Bolsa Família, Renda Cidadã, Nossa Família, Bolsa Santos, Benefício de Prestação Continuada (BPC) para idosos e pessoas com deficiência, Ação Jovem e Valorização do Jovem.

- **Serviço de Convivência e Fortalecimento de Vínculos:** Promoção de oficinas, palestras e grupos de convivência que buscam desenvolver habilidades, promover a integração social e prevenir situações de vulnerabilidade.

**Localização e Contato:**

- **Endereço:** Praça Visconde de Ouro Preto, 12, Estuário, Santos, SP.

- **Telefone:** (13) 3203-2903.",,https://kbekziboncpvjqffmhlx.supabase.co/storage/v1/object/public/media/locations/7562xaa5gnp.png,https://www.santos.sp.gov.br/?q=local%2Fcentro-de-referencia-da-assistencia-social-zona-da-orla-e-intermediaria,,,2
"-23.9796224, -46.3077376",assistencia,Casa do Paraplégico de Santos,"Organização filantrópica para pessoas com deficiência física. Telefone: (13) 3236-3006
",,https://kbekziboncpvjqffmhlx.supabase.co/storage/v1/object/public/media/locations/2210juph2pf.png,,,,4
"-23.9796224, -46.3077376",assistencia,Vila Criativa Senior 50+,"Espaços de promoção de cultura, esporte, lazer e profissionalização, inseridos em regiões de alta vulnerabilidade social e também demandas especificas como a população 60+ , com o objetivo de inclusão e desenvolvimento das comunidades. Email: vilascriativas@santos.sp.gov.br

 ",,https://www.santos.sp.gov.br/?q=portal/vila-criativa-senior,,,,5
"-23.9711037, -46.3080697",assistencia,Pronto Socorro Dentário e de Implantes,,,,,,,6
"-23.9794573, -46.3060937",assistencia,Residencial Geriátrico Lar Vida,"Casa de repouso idealizada com objetivo de prestar serviços na área de saúde, atendendo idosos em regime permanente e temporário. Telefone: (13) 3345-7836",,,,,,8
"-23.9785566, -46.3088064",assistencia,Prevent Senior. Unidade Cascais,"Unidade de saúde paga com diversos planos de saúde. A unidade funciona das 6h às 22h, de segunda a sexta, e das 6h às 13h aos sábados.
Telefone: (13) 4042-0844",,,https://www.preventsenior.com.br/blog/prevent-senior-inaugura-primeira-unidade-tem%C3%A1tica-em-santos-sp-nmad-cascais,,,9
"-23.9791109, -46.3096918",assistencia,Gerência Executiva do Instituto Nacional do Seguro Social em Santos,"Organização pública prestadora de serviços previdenciários para a sociedade brasileira, vinculada ao Ministério da Previdência Social. Ao Instituto Nacional do Seguro Social (INSS) compete reconhecer o direito e viabilizar o acesso de todos os cidadãos aos benefícios e serviços da Previdência Social, como aposentadoria, pensão e salário-maternidade, dentre outros. 
Telefone: (13) 3878-8592 ",,,https://www.gov.br/inss/pt-br/acesso-a-informacao/institucional/institucional,,,10
"-23.9781893, -46.3111461",assistencia,Secretaria de Estado da Saúde,"A Secretaria de Estado da Saúde de São Paulo - SES-SP é responsável pela formulação da Política Estadual de Saúde e de suas diretrizes, norteada pelos princípios do Sistema Único de Saúde - SUS, que tem como propósitos promover a saúde priorizando as ações preventivas, democratizando as informações relevantes para que a população conheça seus direitos e os riscos à sua saúde.
A SES-SP é também responsável pela articulação e pelo planejamento de ações desenvolvidas pelos 17 Departamentos Regionais de Saúde (DRS) distribuídos pelo Estado, além de administrar três fundações: a do Remédio Popular (FURP), que pesquisa, desenvolve, fabrica e distribui medicamentos; a Oncocentro de São Paulo (FOSP), que constitui-se basicamente na instância de apoio à SES-SP para assessorar a política de câncer no Estado; e a Pró-Sangue Hemocentro de São Paulo, que além do desenvolvimento de pesquisas a partir de padrões internacionais de referência, fornece hemocomponentes e serviços hemoterápicos.


A da baixada santista é a DPR IV. fone: (13) 3227-5969 / 3278-7737. e-mail: drs4@saude.sp.gov.br",,,https://saude.sp.gov.br/ses/institucional/departamentos-regionais-de-saude/drs-iv-baixada-santista,,,11
"-23.93520260334, -46.3161947883599",assistencia,Policlínica e Pronto Atendimento do Porto - UBS Pa-Porto,"A Policlínica e Pronto Atendimento do Porto, localizada no bairro Paquetá, em Santos, é uma unidade de saúde que oferece serviços médicos básicos e emergenciais à população. Situada na Rua General Câmara, 507, a unidade funciona de segunda a sexta-feira, das 7h às 19h. A policlínica disponibiliza atendimentos em diversas especialidades médicas, além de serviços como consultas, exames laboratoriais, vacinação e acompanhamento de doenças crônicas. O pronto atendimento serve como suporte para casos de urgência e emergência de baixa complexidade, garantindo um serviço acessível à comunidade local. Para mais informações, é possível entrar em contato.",,/cartografiasocial/fotos/ubspaqueta.jpg,,/cartografiasocial/audio/policlinica_paqueta.mp3,,12
"-23.9407581, -46.3356959",assistencia,Policlínica Jabaquara - Unidade Saúde da Família Jabaquara," Unidade Saúde da Família do Jabaquara é a primeira policlínica universitária da cidade de Santos, em conjunto com a fundação Lusíada propicia os estudantes estarem mais próximos da comunidade. A Unidade é referência de cuidado no bairro, além de oferecer consultas e acompanhamentos médicos, oferece  oficinas e grupos de promoção e prevenção.",,"/cartografiasocial/fotos/poli_jaba_1.jpg, /cartografiasocial/fotos/poli_jaba_2.jpg",,,,13
"-23.9448193, -46.3417959",assistencia,Codevida - Coordenadoria de Defesa da Vida Animal," A Codevida foi criada pela Lei Complementar 542, art. 548, de 27/09/2005 (reforma administrativa) e tem como função principal o controle populacional de cães e gatos. Além disso, oferece atendimento médico e cirúrgico aos animais castrados da população de baixa renda. Por ano, o setor realiza cerca de cinco mil castrações e quase 10 mil atendimentos clínicos. Para isso, além da Unidade Jabaquara, possui uma Unidade no Jardim Botânico Chico Mendes (Bom Retiro) e outra em Caruara (Área Continental). ara incentivar ainda mais as castrações, a Codevida possui dois veículos Castramóvel, equipamento especialmente adaptado como centro cirúrgico, capaz de realizar de 20 a 40 castrações por dia, atendendo diretamente nos bairros, após pré-agendamento. A Codevida é uma das únicas entidades públicas do País onde seus animais já são doados castrados, microchipados e com vacinas importadas. No período em que estão sob tutela da coordenadoria, são alimentados com ração de qualidade e recebem acompanhamento psicológico e físico, embasados em critérios internacionais de bem-estar animal.  Codevida também possui um veículo especialmente adaptado para transporte em caso de resgate de animal em risco de morte, sempre previamente avaliado pelos técnicos do setor.",,/cartografiasocial/fotos/codevida_1.jpg,,,,14
"-23.9420504, -46.3395723",assistencia,APASEM - Associação de Promoção e Assistência Social Estrela do Mar - Núcleo Jabaquara,"<p>Foi constituída em 02 de maio de 2002, pela Cúria Diocesana de Santos, com o objetivo de apoiar as iniciativas sociais das Paróquias da Diocese de Santos, na capitalização de recursos para projetos da igreja. om uma diretoria atuante, envolvida com as causas sociais de nossa região, a Estrela do Mar conta no seu quadro diretivo com pessoas voluntárias totalmente comprometidas com as ações sociais da igreja, apoiando diversas atividades sociais, culturais e educacionais em vários municípios da Baixada Santista. Aém da iniciativa privada, atualmente, apresentam-se como principais parceiros da APASEM, o Poder Público Municipal e Estadual, por meio de suas secretarias em Santos, Cubatão e Praia Grande. Atualmente no bairro do Jabaquara oferta aulas voltadas para fortalecimento e convivência dos idosos, com aulas de música, história geral, cultura, prática laboral e jogos.</p>",,/cartografiasocial/fotos/apasem.jpg,,,,15
"-23.943, -46.3401784",assistencia,Associação Equoterapia,"<p>O Projeto Equoterapia é o pioneiro na Baixada Santista na utilização da Equoterapia para reabilitação e habilitação de pessoas deficientes e/ou com necessidades especiais e foi implantado em 1997 no município de São Vicente – SP, em uma área cedida pela Prefeitura Municipal do município, de aproximadamente 900 m², no antigo Horto Municipal de São Vicente....</p>",,/cartografiasocial/fotos/codevida_2.jpg,,,,16
"-23.9445175, -46.3366313",assistencia,Santa Casa da Misericórdia de Santos,A Santa Casa de Santos foi o primeiro hospital do Brasil e é uma instituição filantrópica fundamental no cenário de assistência à saúde. Atualmente segue sendo referência na cidade atendendo serviços privados e alguns setores públicos da saúde.,,/cartografiasocial/fotos/santa_casa_1.jpg,,,,17
"-23.9647998, -46.3260761",educação,Escola Estadual Canadá,"A Escola Estadual Canadá é uma instituição de ensino localizada no bairro Boqueirão, atendendo alunos do ensino fundamental e médio. Possui estrutura moderna e oferece uma educação de qualidade para a comunidade estudantil.",,,"Localização no Google Maps: https://www.google.com.br/maps/place/Escola+Estadual+Canad%C3%A1/@-23.9648928,-46.3263122,20.3z",,,18
"-23.9647998, -46.3260761",educação,UME Lydia Federici,"A UME Lydia Federici atende alunos do ensino fundamental, proporcionando ensino de qualidade para crianças da região. A escola conta com uma infraestrutura adequada para o aprendizado dos alunos.",,,,,,19
"-23.9671019, -46.3235923",educação,UME Derosse José de Oliveira,"A UME Derosse José de Oliveira é uma escola municipal localizada no Boqueirão. Oferece ensino infantil e fundamental, atendendo crianças da comunidade local.",,,"Localização no Google Maps: https://www.google.com.br/maps/place/UME+Derosse+Jos%C3%A9+de+Oliveira/@-23.9670841,-46.3235617,21z",,,20
"-23.9531346, -46.3403866",educação,E. E. Prof. Primo Ferreira,"Escola pública estadual em Santos, SP, oferecendo ensino fundamental, médio e EJA.",,"/cartografiasocial/fotos/primo.jpeg, /cartografiasocial/fotos/primo2.png",Blog da E. E. Prof. Primo Ferreira: https://profprimoferreira.blogspot.com/; Perfil no Instagram: https://www.instagram.com/eeprimoferreira/; Página no Facebook: https://www.facebook.com/profile.php?id=154035801319535,,,21
"-23.9524879, -46.3399188",educação,E. E. Azevedo Junior,"Escola pública estadual em Santos, SP, oferecendo ensino fundamental e médio.",,/cartografiasocial/fotos/azevedo.jpeg,Detalhes da escola no site da Secretaria da Educação: https://www.educação.sp.gov.br/cgrh/escolas/azevedo-junior/; Informações no QEdu: https://qedu.org.br/escola/35011708-azevedo-junior; Perfil no Facebook: https://www.facebook.com/profile.php?id=385223288248341,,,22
"-23.9545224, -46.3432385",educação,Colégio Lamec,"Escola particular em Santos, SP, oferecendo Educação Infantil e Ensino Fundamental.",,/cartografiasocial/fotos/lamec.jpeg,Perfil no Instagram: https://www.instagram.com/colegiolamec/; Página no Facebook: https://www.facebook.com/pages/Colegio-Lamec/179882508872891,,,23
"-23.9793965, -46.2993718",educação,UME Doutor Porchat Assis,"A UME Doutor Porchat Assis, localizada na Ponta da Praia, em Santos, é uma escola municipal que desempenha um papel essencial na formação educacional de crianças e adolescentes da região. 

Além do currículo regular, a UME Doutor Porchat Assis é reconhecida por ter iniciativas comunitárias, como projetos que incentivam a leitura, atividades esportivas e ações culturais que envolvem tanto os estudantes quanto suas famílias. Essas ações reforçam a importância da educação como ferramenta de transformação social.

A escola também enfrenta desafios que refletem as contradições presentes na sociedade brasileira, como a necessidade de ampliação de recursos e investimentos na educação pública. Contudo, a resistência e o empenho de professores, funcionários e da comunidade escolar têm sido fundamentais para superar essas dificuldades e garantir um ensino de qualidade.",,/cartografiasocial/fotos/porchat.png,,,,24
"-23.98033, -46.3132581",lazer,Fonte do Sapo,"Inaugurada em 10 de julho de 1943, a Fonte do Sapo era chamada de Lagoa do Sapo. As esculturas da Fonte foram criadas pelos alunos de diversos cursos de Artes e Ofícios do Instituto Dona Escolástica Rosa, sob a orientação do mestre escultor Domingos Saviolli. Nos anos 50, o local sofreu sua primeira reforma, para ganhar mais beleza e vida, e ganhou figuras de sapos menores, com instrumentos musicais, ao redor de um grande sapo no centro.",,,,,,25
"-23.9780518, -46.3000682",educação,UMEE Profa. Maria Carmelita Proost Vilaça,"A UME Professora Maria Carmelita Proost Villaça é um colégio localizado na Ponta da Praia, em Santos, que atende crianças e adolescentes com deficiências. A escola é uma das mais antigas instituições de educação especial da cidade e foi fundada em 1960. Seu propósito é proporcionar inclusão e aprendizado para alunos com necessidades especiais. Nesse sentido, a escola dispõe de atendimento educacional especializado, possui salas de recursos multifuncionais e profissionais capacitados para atender a necessidades específicas. A estrutura do colégio também é adequada à acessibilidade com banheiros, inclusive para pessoas com deficiência. A escola recebeu apoio da Secretaria de Educação de Santos, em 2019, que iniciou estudos para torná-la uma UME de ensino integral, capacidade para 400 alunos. O projeto foi desenhado para juntar alunos com e sem deficiências em um ambiente educacional inclusivo. No entanto, essa iniciativa gerou preocupações entre os pais e a comunidade escolar, que temiam a redução do atendimento especializado para alunos com deficiência. A comunidade escolar, incluindo pais e educadores, tem se mobilizado para garantir que a UME Carmelita continue a oferecer um atendimento especializado de qualidade para alunos com deficiência. Movimentos como 'Somos Todos Carmelita' têm sido fundamentais na defesa da manutenção e aprimoramento dos serviços prestados pela escola.

**Endereço:** Av. Prof. Aristóteles Menezes, 11 - Ponta da Praia, Santos - SP.

- **Telefone:** 01332369997.",,"/cartografiasocial/fotos/carmelita.png, /cartografiasocial/fotos/carmelita2.png",Santos SP - UME Carmelita: https://www.santos.sp.gov.br/?q=local%2Fume-professora-maria-carmelita-proost-villaca; Santos SP - Projeto de ensino integral: https://g1.globo.com/sp/santos-regiao/noticia/2019/03/26/seduc-estuda-periodo-integral-para-400-criancas-em-escola-de-ensino-especial-de-santos-sp.ghtml; Mães se reúnem para evitar o fim de escola especial para crianças com deficiência: https://g1.globo.com/sp/santos-regiao/noticia/2019/06/04/maes-se-reunem-para-evitar-o-fim-de-escola-especial-para-criancas-com-deficiencia.ghtml,,,26
"-23.9808059, -46.3118476",educação,E. E. Antônio Ablas Filho Dr,"É uma escola pública estadual . Nessa instituição de ensino de educação básica há o funcionamento apenas da etapa de formação do Ensino Médio.
telefone:  (13) 3231-1735",,,,,,27
"-23.9529676, -46.3403866",educação,UME Professora Emília Maria Reis,"Escola municipal em Santos, SP, oferecendo ensino infantil e fundamental.",,,Localização no Google Maps: https://maps.app.goo.gl/JRoFW7tCuDcH9dkB8,,,28
"-23.9535718, -46.3412044",lazer,Praça Olímpio de Lima,"Praça pública localizada em Santos, SP, ideal para passeios, atividades ao ar livre e momentos de lazer.",,,Localização no Google Maps: https://maps.app.goo.gl/5HGdUyVBp6faEiKU8?g_st=ac,,,29
"-23.9792099, -46.3104148",educação,CEEJA Maria Aparecida Pasqualeto Figueiredo,"Centro Estadual de Educação de Jovens e Adultos (CEEJA) localizado na Av. Dr. Epitácio Pessoa, 432 - Aparecida, Santos - SP, 11030-600. Oferece oportunidades de ensino para jovens e adultos. Horário de funcionamento: Aberto até às 22:00.",,,"Site oficial: http://ceejamar.com.br, Localização no Google Maps:  https://www.google.com/maps/place/CEEJA+MARIA+APARECIDA+PASQUALETO+FIGUEIREDO/@-23.9808059,-46.3143102,25m/data=!3m1!1e3!4m10!1m3!11m2!2s-1-j9UfOTqu3-JRdLa1M-g!3e3!3m5!1s0x94ce02454a3ec351:0xac4b9164cfac4aa4!8m2!3d-23.9794762!4d-46.3143102!16s%2Fg%2F1q67djm_y?entry=ttu&g_ep=EgoyMDI1MDIwOS4wIKXMDSoASAFQAw%3D%3D",,,30
"-23.981796, -46.3070677",educação,Escola Verde - Canal 6,"Uma escola que desenvolve habilidades socioemocionais, com ensino bilíngue e desenvolvimento integral do estudante, tendo educação Infantil até o ensino médio. Telefone: (13) 3273-1160 ",,,https://escolaverde.com.br/,,,31
"-23.9717463, -46.3071106",educação,"Colégio Renovação Santos Escola Particular, Bilíngue e Integral"," Escola particular com sistema bilíngue. Telefone:  (13) 99795-0772",,,,,,32
"-23.9796224, -46.3077376",educação,Escola Santista de Mandarim,"Curso presencial ou online de mandarim e coreano. Telefone: : (13) 99757-7300
Instagram: @ escolasantistademandarim",,,,,,33
"-23.9796224, -46.3077376",educação,Escola XIII de Julho,"Escola XIII de Julho: Escola particular do ensino fundamental ao ensino médio. Telefone: (13) 3231-2709",,,,,,34
"-23.9751803, -46.3072396",educação,"UME ""Dos Andradas l"" - Berçário, Maternal, Jardim e Pré","As UME “Dos Andradas” I e II, é um complexo escolar da década de 70 que faz parte do primeiro Complexo Educacional com Gestão Compartilhada no Estado de São Paulo, que atende a crianças desde a Educação Infantil (de zero a cinco anos), passando pelo Ensino Fundamental até chegar ao Ensino Médio.",,,,,,35
"-23.9796224, -46.3077376",educação,"UME ""Dos Andradas II"" - 1° ao 5° ano","O nome da escola faz alusão aos irmãos Andradas, José Bonifácio de Andrada e Silva, Patrício Manoel de Andrada e Silva, Antonio Carlos Ribeiro de Andrada Machado e Silva e Martim Francisco Ribeiro de Andrada. Telefone: (13) 3271-6707   Email: andradas-seduc@santos.sp.gov.br",,,https://www.santos.sp.gov.br/?q=local/ume-dos-andradas#serva,,,36
"-23.9796224, -46.3077376",educação,Escola Estadual Olga Cury,"Olga Cury é uma escola pública estadual . Nessa instituição de ensino de educação básica há o funcionamento das etapas de formação de Ensino Fundamental, Ensino Médio e EJA - Educação para Jovens e Adultos. Telefone: (13) 32380172
Email: E046164A@EDUCACAO.SP.GOV.BR",,"""https://drive.google.com/file/d/1QZYWCV6FxITTAuMHzqb1GoPEFyj102k6/view?usp=sharing"" ""https://drive.google.com/file/d/1Q_FojeK1s_UL_Y-S1E0OGAbPiL_N8vTO/view?usp=drive_link""",https://transparencia.educacao.sp.gov.br/Home/DetalhesEscola?codesc=46164,,,37
"-23.9796224, -46.3077376",educação,Colégio Jean Piaget - Ensino Fundamental I," Escola particular. Telefone:  (13) 3272-1003 
",,,https://www.jeanpiaget.g12.br/,,,38
"-23.9794312, -46.3053322",educação,Escola Municipal Lourdes Ortiz,É uma escola municipal e uma das mais antigas da cidade com 96 anos. atende o ensino fundamental I e II. Email: lourdesortiz-seduc@santos.sp.gov.br Telefone: (13) 3236-9989,,,https://www.santos.sp.gov.br/?q=local/ume-lourdes-ortiz,,,39
"-23.9511276, -46.3392225",lazer,Estádio Urbano Caldeira - Vila Belmiro,"
  Este espaço muito conhecido teve sua inauguração em 12 de outubro de 1916, ainda quando a Vila Belmiro que conhecemos hoje se chamava Vila Operária. Sobre esses nomes, o próprio estádio em sua formação era chamado de outra forma: **Campo do Santos** (ou também **Praça de Esportes do Santos**). Somente em 1933, após o falecimento de Urbano Caldeira, o campo passou a se chamar oficialmente **Estádio Urbano Caldeira**.

  Mas o time, como já se sabe, é anterior a esse período, então a questão é: **Como faziam para treinar?** Os treinamentos aconteciam em um antigo campo de treinamento (que hoje é o **Centro de Treinamento Rei Pelé**), localizado no bairro Macuco, perto da Santa Casa de Saúde. Esse campo ainda existe, mas, na época, não oferecia acomodações necessárias para o time.",,"/cartografiasocial/fotos/vila.jpeg, /cartografiasocial/fotos/vila2.jpeg",,,,40
"-23.9723761, -46.3043035",historico,Mochilando Afroculturas,"É uma empresa que oferece roteiros sobre Afroturismo, que tem como objetivo apresentar um percurso, pensado e elaborado para visibilizar e valorizar as histórias de personalidades negras, assim como fatos e lugares de grande relevância histórica desde o período da escravização assim como   fatos e personagens que se relacionam à história da contribuição da população negra para a construção da Santos atual.
Telefone:  (13) 97805-7000
Instagram: @ mochilandoafroculturas",,,,,,41
"-23.98127, -46.31288",bairro,Aparecida,"Considerado um dos bairros mais populosos da Cidade, com cerca de 50 mil habitantes, a Aparecida é delimitada por cinco grandes avenidas – Bartolomeu de Gusmão, Almirante Cochrane, Afonso Pena, Joaquim Montenegro e Pedro Lessa. Muitas são as referências locais como a Fonte do Sapo, a Paróquia Nossa Senhora Aparecida, que inspirou o nome do bairro, a Praça de Cães (Praça Caio Ribeiro de Moraes Silva), a FeirArte, o Sesc e o Praiamar Shopping.

  Quem ali reside ainda conta com equipamentos na área da saúde como a UPA Zona Leste, a Policlínica Aparecida e o Ambulatório Médico de Especialidades (AME), ligado ao Governo do Estado, além das unidades municipais de educação Lourdes Ortiz e dos Andradas, e as estaduais Escolástica Rosa e Aristóteles Ferreira e a CEEJA Maria Aparecida Pasqualeto Figueiredo.

  O bairro cresceu muito e possui uma das estruturas mais modernas da Cidade. Muita coisa mudou, ficou mais valorizado com a instalação de grandes empreendimentos que geraram emprego, mas ainda preserva chalés com moradores antigos.

 A criação do bairro ocorreu a partir do Plano Diretor do Município de 1968, explica o historiador da Fundação Arquivo e Memória de Santos (Fams), José Dionísio de Almeida. ""De 1867 até início do século 20, a população ainda se concentra no espaço urbano que chamamos de Centro Histórico até o Paquetá. Em seguida, gradativamente vai se formando o Macuco, que se efetiva a partir de 1915. Com o desmembramento desse bairro, cria-se a Aparecida, que leva o nome da igreja existente desde a década de 1930 para a de 1940"".",,"https://kbekziboncpvjqffmhlx.supabase.co/storage/v1/object/public/media/locations/nkumkd7sjva.jpeg,https://kbekziboncpvjqffmhlx.supabase.co/storage/v1/object/public/media/locations/4knve6duj6n.jpeg,https://kbekziboncpvjqffmhlx.supabase.co/storage/v1/object/public/media/locations/uc6azyrd81q.jpeg,https://kbekziboncpvjqffmhlx.supabase.co/storage/v1/object/public/media/locations/7o7hoitnhns.jpeg,https://kbekziboncpvjqffmhlx.supabase.co/storage/v1/object/public/media/locations/57gzykev5i.jpeg,https://kbekziboncpvjqffmhlx.supabase.co/storage/v1/object/public/media/locations/v15bng6tjbj.jpeg,https://kbekziboncpvjqffmhlx.supabase.co/storage/v1/object/public/media/locations/c51xllt7x7q.jpeg,https://kbekziboncpvjqffmhlx.supabase.co/storage/v1/object/public/media/locations/v6s6fupie5s.jpeg,https://kbekziboncpvjqffmhlx.supabase.co/storage/v1/object/public/media/locations/sqbbg8ec45o.jpeg,https://kbekziboncpvjqffmhlx.supabase.co/storage/v1/object/public/media/locations/m2b2qug9u3.jpeg,https://kbekziboncpvjqffmhlx.supabase.co/storage/v1/object/public/media/locations/g2csxca963t.jpeg",https://jornaldaorla.com.br/noticias/48464-bairro-aparecida-em-santos-completa-53-anos/,,,42
"-23.9405995, -46.3348842",educação,UME Paulo Gomes Barbosa,"A escola atende Berçário, Maternal, Jardim, Pré e Fundamental I, é referência de ensino no bairro do Jabaquara e atende a comunidade do bairro e regiões próximas. Localizada na Av. Dr. Waldemar Leão, 184 - Jabaquara, Santos - SP, 11013-601, atende de segunda à sexta-feira, das 8:30 às 17:30.",,,,,,43
"-23.9419539, -46.3403259",educação,CEREX - Eduardo Ballerini Escola Especial,"A Escola Especial Eduardo Ballerini realiza atendimento contínuo e gratuito para crianças, jovens e adultos com deficiência, através de atendimentos especializados a fim de desenvolver potencialidades biopsicossociais e de promover autonomia e inserção social.",,,Site da Escola: http://www.cerexballerini.com.br/,,,44
"-23.9825696, -46.2948165",comunidades,Vila Sapo,"A **Vila Sapo** é uma comunidade localizada na Ponta da Praia, em Santos, formada na década de 1960.

 Desde sua formação, os moradores da Vila Sapo enfrentam desafios relacionados à moradia adequada e à regularização fundiária. A história da Vila Sapo reflete a dinâmica da segregação socioespacial e da resistência comunitária, questões centrais da urbanização na cidade de Santos. Apesar das adversidades, a comunidade demonstra resistência e organização na busca por justiça e direito à cidade. Em 2011 foi fundada a Associação Habitacional Vila Sapo, que tem sido fundamental na defesa dos direitos dos moradores.

",https://www.youtube.com/embed/i3nnF5DvzWk?si=i5rNU44mgtW731Hz,,,https://kbekziboncpvjqffmhlx.supabase.co/storage/v1/object/public/media/audios/audio_ernxd9g8b9.wav,,45
"-23.9841029, -46.307967",comunidades,Trabulsi,"A Rua Bassin Nagib Trabulsi, situada na Ponta da Praia, é um espaço de intensa circulação e convivência. Composta por uma mistura de comércios e prédios residenciais, essa via desempenha um papel importante para a reprodução social da população dessa região, é uma rua de trabalhadores. Entre mercados, adega, lojinhas de variedades e estabelecimentos de serviços, a rua se destaca por um movimento imparável. De dia, é frequentada por quem busca as coisas do cotidiano, à noite se transforma em um ponto de encontro de diferentes grupos.Na sexta-feira os bares começam a ganhar mais vida, a rua vira um ponto de encontro de características pitorescas. Ainda há pessoas que descem dos prédios com cadeira de praia e sentam na calçada, principalmente nos dias e noites de calor e a movimentação vai até a madrugada. É criança chorando, cachorro latindo, bêbado gritando e, no domingo, tem o tradicional bingo valendo um frango na lanchonete “Wu Jian”, popularmente chamada como ""lanchonete da Chinesa"". E nos fins de ano e carnavais a “Banda da Trabulsi” toca o maior terror. Assim como muitos outros lugares do Brasil, a vida acontece marcada por contradições e desigualdades sociais, nessa rua há uma presença significativa da parcela mais pauperizada da população, que usa o espaço da rua como estratégia de sobrevivência. Crianças e jovens vendem balas na porta do mercado. A rua conserva muitos prédios de apartamentos pequenos, habitados principalmente por moradores idosos que compraram seus apartamentos bem antes de a Ponta da Praia se tornar uma área tão cara, devido à especulação imobiliária. Essa realidade, desafia os processos de gentrificação intensificados na região e o senso comum de que a Ponta da Praia é um bairro da classe alta. A Trabulsi, portanto, carrega as marcas da história da Ponta da Praia, de Santos e de seus moradores, resistindo às transformações urbanas e “financeirismos” enquanto mantém vivo seu modo próprio de ser, e infelizmente, seus problemas.",,"/cartografiasocial/fotos/trabulsi.png, /cartografiasocial/fotos/trabulsi2.png",Banda da Trabulsi: https://www.instagram.com/bandadatrabulsi/; Primeira fase da revitalização da Rua Trabulsi em Santos termina: https://www.diariodolitoral.com.br/santos/primeira-fase-da-revitalizacao-da-rua-trabulsi-em-santos-termina/171615/,/cartografiasocial/audio/trabulsi.mp3,,46
"-23.9833479, -46.3826972",comunidades,Terra Indígena Paranapuã,"A Terra Indígena Paranapuã, localizada em São Vicente, é uma das dezenas de comunidades do povo Guarani Mbya no estado de São Paulo e uma das centenas no cone sul do continente americano. O nome ""Paranapuã"" significa ""lugar do mar redondo"" ou ""enseada"", refletindo a conexão da aldeia com o ambiente natural e seus múltiplos seres, especialmente o oceano.  A Aldeia Paranapuã promove atividades educativas e culturais, abrindo suas portas para visitantes interessados em aprender mais sobre a história e o modo de vida. 

No entanto, a aldeia enfrenta sérias dificuldades devido à falta de reconhecimento territorial pelo Estado brasileiro. Sobreposta ao Parque Estadual Xixová-Japuí, a aldeia não tem seus direitos específicos sobre o uso da terra garantidos pelo Estado, o que prejudica atividades como a agricultura de subsistência. A regulamentação ambiental do parque proíbe até mesmo a criação de hortas, essenciais para a comunidade. As pessoas da aldeia participam de manifestações políticas defendendo o direito ao território e ao seu modo de viver, contando com aliados de outras aldeias e povos.",,,,,,47
"-23.9441974861698, -46.3328427330173",lazer,Teatro Patrícia Galvão,"
        O Teatro Patrícia Galvão é um dos principais espaços culturais de Santos, conhecido por sua arquitetura e por abrigar diversas produções teatrais e eventos culturais ao longo do ano. O teatro leva o nome de Pagu, uma importante feminista, militante de esquerda e artista de Santos.
      ",https://www.youtube.com/embed/KvPW7w3DXUE?si=rqqRxqWtjzsyTZ5-,,,,,48
"-23.9810589, -46.3003071",lazer,Complexo esportivo e recreativo Rebouças,"
    O Rebouças oferece atividades esportivas e recreativas para varias as idades. Tem três quadras cobertas, três piscinas (recreativa, biribol e olímpica), academia, pista de cooper, ginásio com arquibancada e salas especializadas para esportes e artes marciais.
    As modalidades oferecidas incluem musculação, natação, hidroginástica, futsal, voleibol, basquete, dança, pilates, artes marciais, entre outras.
    No local também funciona a Secretaria Municipal de Esportes.
  ",,/cartografiasocial/fotos/rebouças.jpg,Complexo Esportivo e Recreativo Rebouças - Prefeitura: https://www.santos.sp.gov.br/?q=portal/centro-esportivo-e-recreativo-reboucas,,,49
"-23.987463, -46.308053",lazer,Chorinho no Aquário,"
    O ""Chorinho no Aquário"" é uma atividade musical que ocorre todos os sábados, a partir das 18h, na Praça Vereador Luiz La Scala, localizada na Ponta da Praia. As apresentações são gratuitas e destacam o melhor do choro, samba, MPB e bossa nova, com repertórios que incluem clássicos de ícones como Dona Ivone Lara, Cartola, Noel Rosa e Pixinguinha.
  ",,/cartografiasocial/fotos/chorinho.jpg,Facebook do Chorinho no Aquário: https://www.facebook.com/chorinhonoaquario/; Notícia sobre o aniversário de 17 anos do projeto: https://www.santos.sp.gov.br/?q=noticia%2Fchorinho-no-aquario-comemora-aniversario-com-show-de-demonios-da-garoa-em-santos,,,50
"-23.9794762, -46.3143102",lazer,"Biblioteca Municipal ""Mário Faria""","<p>A Biblioteca Municipal Mário Faria em Santos foi inaugurada em 31 de janeiro de 1993. Atualmente, seu atendimento é totalmente informatizado, possuindo um acervo de aproximadamente 6.000 livros, entre literatura de diversos autores e livros de pesquisa em todas as áreas, sendo boa parte circulante. A biblioteca promove mensalmente o projeto “Autor e sua Obra”, onde autores falam de seus livros, visando incentivar e divulgar os escritores e a produção literária da região. A Biblioteca Municipal Mário Faria funciona todos os dias das 09h às 19h, com entrada gratuita, se localiza na calçada. telefone (13) 3226-8000.</p>",,https://kbekziboncpvjqffmhlx.supabase.co/storage/v1/object/public/media/locations/46viv6eymix.png,,,,51
"-23.9494487, -46.3380132",lazer,Torcida Jovem do Santos,"
      A torcida começou a surgir durante os anos de 1966 a 1968, através dos jogos que haviam a capital (São Paulo) e que o Santos participava. Assim, um grupo de jovens começou a criar proximidade devida a frequência com que se encontravam nesses jogos. A partir desse momento, começaram a combinar de irem juntos e ficarem num mesmo lugar.

      Isso ficou tão recorrente que em 1969 decidiram fundar a torcida oficial uniformizada. E mais tarde, após a vitória do Santos, em 26 de setembro de 1969, os 13 garotos decidiram fundar oficialmente a Torcida Jovem. Numa casa no Brás (em São Paulo) inclusive onde residia um dos torcedores, Cosmo Damião. 
      
      Uma curiosidade dessa Torcida é a sua politização, que ao longo da história ficou conhecida como uma torcida politizada, sempre presente em lutas pela democracia, dentre elas:

      A Campanha de anistia ampla, geral e irrestrita;
      A campanha das diretas já;
      A luta pela autonomia política da cidade de Santos;
      Como um dos fundadores da A.T.O.E.S.P. (Associação das Torcidas Organizadas de São Paulo) e da A.T.O.S. (Associação das Torcidas Organizadas de Santos);
      Impeachment do Collor;
      Entre outros.
    ",,,Site oficial da Torcida Jovem: https://torcidajovem.com.br/torcida-jovem/,,,52
"-23.9541707, -46.3404553",lazer,Infinity Brechó,"
      O **Infinity Brechó** é uma loja de roupas e acessórios usados localizada na Rua Doutor Carvalho de Mendonça, 500A, no bairro Marapé, em Santos - SP, uma excelente opção para quem busca moda sustentável e econômica na região.
    ",,/cartografiasocial/fotos/brecho.png,Instagram do Infinity Brechó: https://www.instagram.com/infinity__brecho/,,,53
"-23.9508488, -46.3403454",lazer,Casa Meninos da Vila - Santos FC Academy,"Centro de treinamento e formação de jovens talentos do Santos Futebol Clube, conhecido como 'Meninos da Vila'.",,,Localização no Google Maps: https://maps.app.goo.gl/BtiQKRbPDg63R7B39,,,54
"-23.9535718, -46.3412044",lazer,Praça Olímpio de Lima,"Praça pública localizada em Santos, SP, ideal para passeios, atividades ao ar livre e momentos de lazer.",,,Localização no Google Maps: https://maps.app.goo.gl/5HGdUyVBp6faEiKU8?g_st=ac,,,55
"-23.9482041, -46.3440041",lazer,Museu de Veículos - Memorial Necrópole Ecumênica,"O museu fica localizado dentro do Memorial Necrópole e apresenta uma finalidade um tanto curiosa, surgiu a partir da idealização de um amante de carros antigos, Pepe Altstut. Com a ideia de desmistificar a visão tradicional de cemitérios. Desta maneira o espaço abriga o Museu de Veículos do Memorial Necrópole Ecumênica. Como também um mini zoológico, localizado ao lado, que conta com diversas aves; dentre elas um pavão albino, araras e galinhas (memorialsantos.com.br). Mas voltado ao acervo de carros, ele possui exemplares raros que datam de 1909 a 1974, abriga motocicletas, bicicletas e claro os carros. E fica localizado logo ao térreo do Memorial, próximo ao jardim e à capela (memorialsantos.com.br).",,,,,,56
"-23.9499979, -46.3403454",lazer,Bike Santos - Estação 24 Estádio Vila Belmiro,"Estação de bicicletas compartilhadas do sistema Bike Santos, localizada próximo ao Estádio Vila Belmiro, em Santos, SP.",,,Localização no Google Maps: https://maps.app.goo.gl/VSyNGpUsuao7Ajdv6?g_st=ac,,,57
"-23.9709835, -46.3295577",lazer,Concha Acústica,"Projetada pelo arquiteto Carlos Prates, a Concha Acústica foi inaugurada em junho de 1981 ao lado do Canal 3, na orla, durante o 93º aniversário do bairro Gonzaga. O espaço funciona como um centro de cultura ao ar livre, onde são promovidos espetáculos artísticos e culturais, além de exposições. Com capacidade para 300 espectadores, é um local icônico para eventos na cidade de Santos.",,,"Localização no Google Maps: https://www.google.com/maps/place/Concha+Acústica/@-23.9709835,-46.3295577,17z/data=!3m1!4b1!4m6!3m5!1s0x94ce02454a3ec351:0xac4b9164cfac4aa4!8m2!3d-23.9794762!4d-46.3143102!16s%2Fg%2F1q67djm_y?entry=ttu; Site oficial da Prefeitura de Santos: https://www.santos.sp.gov.br",,,58
"-23.9796224, -46.3077376",lazer,Feira livre ás quartas-feira,"QUA – 7h às 12h – Praça Nossa Senhora Aparecida",,,,,,60
"-23.9712971, -46.3073434",lazer,Clube Atlético Santa Cecília,Local para esportes e recreação. Telefone: (13) 99742-3353,,,,,,62
"-23.9796224, -46.3077376",lazer,Lanchas Tour - Passeio de Lancha Guarujá e Santos,"Tour de lancha, aluguel de lancha para festas e eventos. Telefone: (13) 98170-0347. Instagram: @ lanchastour_oficial",,,site: https://www.lanchastour.com.br/,,,63
"-23.9796224, -46.3077376",lazer,Quadra BNH,Espaço para atividades de lazer e esporte com quadra poliesportiva,,,,,,64
"-23.9759863, -46.3100247",lazer,Praça Abílio Rodrigues Paz,"Conhecida como praça do BNH -  O Conjunto Habitacional Marechal Humberto de Alencar Castelo Branco, mais conhecido como BNH (Banco Nacional de Habitação) foi idealizado por um consórcio de quatro cooperativas de trabalhadores para a construção de um conjunto habitacional de habitação coletiva.",,,,,,65
"-23.9768919, -46.3100835",lazer,Praiamar Shopping,"O Praiamar Shopping Center é idealizado pelo empresário luso-brasileiro Armênio Mendes. Além das lojas e estacionamento, conta com cinema, Hipermercado, banco, agência de turismo e aluguel de veículos. ",,,,,,66
"-23.9757311, -46.3117249",lazer,Sesc - Santos,"Mantido pelos empresários do comércio de bens, serviços e turismo, o Sesc - Serviço Social do Comércio é uma entidade privada que tem como objetivo proporcionar o bem-estar e a qualidade de vida aos trabalhadores deste setor e sua família. No estado de São Paulo, o Sesc conta com uma rede de mais de 40 unidades operacionais – centros destinados à cultura, ao esporte, à saúde e à alimentação, ao desenvolvimento infanto juvenil, à terceira idade, ao turismo social e a demais áreas de atuação.
Telefone: (13) 3278-9800
Insta: @sescsantos
Site: https://www.sescsp.org.br/unidades/santos/ ",,," https://www.sescsp.org.br/unidades/santos/ ",,,67
"-23.9764243, -46.3127398",lazer,Praça do Sesc Santos,"A Praça do Sesc, cujo nome oficial é Praça Doutor Caio Ribeiro de Moraes e Silva, foi doada pelo Sesc para a prefeitura, tendo sido construída e urbanizada inteiramente pelo Sesc. Fica localizada bem em frente ao Sesc e sedia todos os domingos a FeirArte, feira popular de artesanato e gastronomia, sendo uma importante expressão da cultura do bairro santista. ",,,,,,68
"-23.9420434, -46.3370367",lazer,Instituto Cultural Vasco Carmano,"Criado em 2006, o Instituto Cultural Vasco Carmano (ICVC) é uma Organização da Sociedade Civil de Interesse Público (OSCIP), ou seja, é uma ONG que surgiu a partir da iniciativa privada, e possui uma chancela do Ministério da Justiça, porque desenvolve práticas sociais que auxiliam o poder público e a iniciativa privada. O ICVC surgiu a partir de um grupo de artistas da produtora “Criando Ideias e Produções”, uma empresa privada. A função do Instituto é ser parceiro do poder público e da iniciativa privada em ações de treinamento e incentivo à cultura, por meio do teatro. Um dos projetos: Quase no Quintal de casa. O projeto Quase no Quintal de Casa tem por objetivo realizar 82 apresentações acessíveis a crianças entre 06 e 10 anos de idade em cidades da Baixada Santista, no estado de São Paulo, Camaçari, no estado da Bahia, e em Vitória e Cariacica, no estado do Espírito Santo. Locais esses onde é comum encontrar população em situação de vulnerabilidade social habitando áreas de mangue, principal tema deste espetáculo. Um trabalho voltado a difundir a importância dos manguezais de maneira lúdica, respeitando e valorizando as experiências coletivas adquiridas com as dificuldades que essas comunidades enfrentam. O teatro é um caminho que pode não só despertar o interesse pela questão temática, mas principalmente estimular a prática da observação, criando a possibilidade real de preservação desse ecossistema.",,,,,,69
"-23.9732609, -46.3222072",lazer,Pinacoteca Benedicto Calixto,"A Pinacoteca Benedicto Calixto é um importante centro cultural em Santos, localizado no bairro Boqueirão. O espaço abriga exposições de arte, eventos culturais e atividades educativas, sendo um ponto de referência para os amantes da arte.",,,,,,70
"-23.9756927, -46.3014085",assistencia,Centro Lar Sintonia Espírita,"É uma empresa com foco em atividades de Associações de Defesa de Direitos Sociais, além de possuir um bazar em sua instituição.  telefone: (13) 9757-0343 email: jcsc06@yahoo.com.br",,,,,,71
"-23.9796224, -46.3077376",religiao,Paróquia Nossa Senhora Aparecida,"Igreja católica com missas e confessionário. 
 Horários da missa: Domingo: 7h, 9h e 18h Sábado: 19h Quinta-Feira: 17h Segunda, Terça e Sexta-feira: 19h
Telefone (13) 3301-98465  email: paroquiansraaparecidasts@gmail.com
",,,https://paroquiansraaparecidasts.com.br/,,,72
"-23.9796224, -46.3077376",religiao,Grupo Espírita Eurípedes Barsanulfo,,,,,,,73
"-23.9796224, -46.3077376",religiao,Ministério Evangélico Cristo é a Vida,Igreja evangélico. Encontros aos domingos: 19h e 22h e as sextas: 20h e 22h,,,,,,74
"-23.9778824, -46.3122722",religiao,Igreja Batista Calvário,Igreja evangélica. Encontros aos domingos: 9h e 19:30h e as quartas: 20h. Telefone:  (13) 3227-1389,,,,,,75
"-23.9544635, -46.3414889",religiao,Tenda de Umbanda Pai Benedito das Almas,<p>A tenda a umbanda pai Benedito das almas é um lugar de religião.</p>,,"/cartografiasocial/fotos/tenda.jpeg, /cartografiasocial/fotos/tenda_2.png",,,,76
"-23.9851111, -46.3088611",historico,Estátua de Iemanjá - Rainha do Mar,"
A estátua de Iemanjá, localizada na Praia do José Menino, é um dos símbolos da força e presença afro-brasileira em Santos. Sua instalação na orla da praia foi uma conquista dos movimentos negros da região, após permanecer guardada no Teatro Municipal de Santos por vários anos.
      ",,/cartografiasocial/fotos/yemanja.png,Levante vai cobrar Estátua de Iemanjá em Santos - DL: https://www.diariodolitoral.com.br/cotidiano/levante-vai-cobrar-estatua-de-iemanja-em-santos/136502/; Prometida estátua de Iemanjá não entregue em Santos - BoqNews: https://www.boqnews.com/cidades/prometida-estatua-de-iemanja-nao-e-entregue-em-santos/,,,77
"-23.9916556, -46.3029044",historico,Ponte dos Práticos,"A **Ponte dos Práticos**, chamada oficialmente **Ponte Edgard Perdigão**, é um atracadouro inaugurado em 11 de junho de 1968. Com uma vista bonita da baía de Santos, Guarujá e Ilha Porchat, recebe diariamente milhares de pessoas, sobretudo aquelas que fazem a travessia para a praia do **Góes** e **Santa Cruz dos Navegantes** que é conhecida também popularmente como Pouca Farinha. Há também ponto de embarque para escunas turísticas e barcos pesqueiros, além de uma lanchonete particular . A Ponte dos Práticos se mantém como um ponto **histórico**, **turístico** e **funcional** para a cidade de Santos.",,/cartografiasocial/fotos/ponte.png,Uma ponte para o mar -NovoMilenio: http://www.novomilenio.inf.br/santos/h0288.htm,,,78
"-23.9503151, -46.3391494",historico,Estátua de Zito,"
        A estátua de José Ely de Miranda, conhecido como Zito, na Rua Princesa Isabel, em frente ao portão 6 do estádio Vila Belmiro, em Santos. Zito defendeu o Santos Futebol Clube de 1952 a 1967, conquistando diversos títulos, incluindo os Mundiais de 1962 e 1963. Ele também foi bicampeão mundial com a Seleção Brasileira em 1958 e 1962. Após encerrar a carreira como jogador, Zito tornou-se um grande incentivador das categorias de base do Santos, sendo responsável direto pelas gerações dos ""Meninos da Vila"" em 1979, 2002 e 2010. 
        
        A estátua é uma homenagem que eterniza a memória de Zito, destacando sua liderança e legado no futebol brasileiro.
      ",,"/cartografiasocial/fotos/zito.jpeg, /cartografiasocial/fotos/zito2.png, /cartografiasocial/fotos/zito3.png",Fonte: Santos FC: https://www.santosfc.com.br/zito-o-eterno-capitao-do-santos/,,,79
"-23.9385834391007, -46.3173735294644",historico,Cemitério do Paquetá,"
          O Cemitério do Paquetá, o mais antigo de Santos, teve seus primeiros enterros em 1853, substituindo os sepultamentos nas igrejas, como a do Valongo. Devido à falta de espaço, a Câmara adquiriu um terreno em 1851 para a construção do cemitério. Inicialmente, apenas o muro, o portão e parte do terreno foram preparados. Em 1854, a Capela de Santo Cristo foi construída, e o cemitério foi inaugurado em 30 de novembro. Sua regulamentação ocorreu em 16 de fevereiro de 1855. No mesmo ano, uma epidemia de cólera exigiu a ampliação emergencial do local.
    
          Tomado por imagens de anjos, alamedas arborizadas e sepulturas que são verdadeiras obras de arte, o Cemitério do Paquetá é referência histórica nacional e o mais antigo de Santos. Figuras ilustres, como o ex-governador Mário Covas; os ex-prefeitos Luiz La Scala Jr., Antônio Feliciano; os poetas Martins Fontes e Vicente de Carvalho; o escritor Júlio Ribeiro e o pintor Benedicto Calixto, foram enterradas no local e suas sepulturas podem ser visitadas. Muitos dos ornamentos das campas foram confeccionados com mármore de Carrara, cobre e bronze. A sepultura que mais chama a atenção e intriga santistas há anos é a do túmulo do advogado abolicionista João Galeão Carvalhal. A obra possui uma imagem de uma mulher, em tamanho natural, debruçada sobre a lápide chorando sua perda, com um busto acima ladeado por dois anjos. O Cemitério do Paquetá fica na Rua Doutor Cóchrane, s/n, no Paquetá e fica aberto das 7h às 17h, todos os dias, com visitação livre.
        ",,/cartografiasocial/fotos/cemiterio.jpg,Fonte: Prefeitura de Santos: https://www.santos.sp.gov.br,/cartografiasocial/audio/cemiterio.mp3,,80
"-23.9392689, -46.3359225",historico,Marco Oficial do Quilombo do Jabaquara,"Segundo estudo publicado pelo Instituto Prócomum o Quilombo do Jabaquara foi o mais famoso da região, um dos maiores do Brasil e estima-se que tenha abrigado 10 mil escravizados. Fundado em 1882, por iniciativa dos abolicionistas da elite santista Américo Martins e Xavier Pinheiro teve como líder o negro alforriado Quintino de Lacerda.",,,,,,81
"-23.9642043099616, -46.3340591661205",bairro,Gonzaga,"O Gonzaga é um bairro nobre e bastante frequentado pelos moradores da Baixada Santista,
muito conhecido pelo comércio, shoppings, sorveterias, restaurantes, hotéis, bares e a praia.
O bairro foi formado em 1889, porém ganhou o nome em 21 de Junho de 1967 em alusão ao
aniversário de Luís Antônio Gonzaga, que tinha o Bar do Gonzaga em frente à praia. De
acordo com o historiador José Dionísio de Almeida, da Fundação Arquivo e Memória de
Santos (FAMS), “Próximo a esse bar ficava um ponto de bondes vindos do Centro. E o nome
ficou como herança da existência do estabelecimento, muito utilizado por santistas. As
pessoas falavam: vamos ao bar do Gonzaga?”
O Parque Balneário é uma grande referência histórica do bairro pois no início do século XX
era usado para festas, cassino, shows e bailes da população mais rica da cidade, até ser
demolido na década de 70 para reaproveitamento da área num complexo com prédios
residenciais, o primeiro Shopping da cidade e um edifício hoteleiro moderno. Logo em
seguida, nos anos 80 foi construído o segundo shopping da cidade - Miramar, que também
tem um hotel.
Pensando na história cultural do Gonzaga, não é possível deixar de lado o Roxy, cinema de
rua que segue resistindo a mais de 90 anos, viveu a mudança na maneira de se exibir filmes:
dos primeiros e grandes rolos de película ao sistema digital.",,"https://kbekziboncpvjqffmhlx.supabase.co/storage/v1/object/public/media/locations/v8n1lvdcif.jpeg,https://kbekziboncpvjqffmhlx.supabase.co/storage/v1/object/public/media/locations/upmwhjv716k.jpeg,https://kbekziboncpvjqffmhlx.supabase.co/storage/v1/object/public/media/locations/kimkt12k3wd.jpeg,https://kbekziboncpvjqffmhlx.supabase.co/storage/v1/object/public/media/locations/z8c5iwx1dfk.jpeg,https://kbekziboncpvjqffmhlx.supabase.co/storage/v1/object/public/media/locations/3wffa0his2d.jpeg,https://kbekziboncpvjqffmhlx.supabase.co/storage/v1/object/public/media/locations/g8zkukun3d.jpeg,https://kbekziboncpvjqffmhlx.supabase.co/storage/v1/object/public/media/locations/ghgfpwsiclu.jpeg,https://kbekziboncpvjqffmhlx.supabase.co/storage/v1/object/public/media/locations/9rkg9mf683n.jpeg",,,,82
"-23.9706997320923, -46.3302583598733",lazer,Cinema no Gonzaga - Cine arte Posto 4,"Cinema inaugurado em 1991 a fim de exibir filmes que foram constantemente ignorados nas salas comerciais. Está situado na orla da Praia do Gonzaga, no Posto 4. O local exibe filmes nacionais toda semana no valor de R$3,00 a inteira e R$1,50 a meia.",,https://cdn.diariodolitoral.com.br/img/pc/920/610/dn_arquivo/2023/01/cine-arte-posto-capa.jpg,,,,83
"-23.9613968221101, -46.315826548406",lazer,Praça Palmares,"Entre o Canal 4 e a Avenida Afonso Pena existe uma extensa área de 10 mil m², onde localiza-se a Praça Palmares, a única do município situada em quatro bairros. Os habitantes do quadrante de números 1 ao 11 moram no Estuário. Seus vizinhos, do 12 ao 16, no Boqueirão. Os imóveis do 18 ao 26 ficam no Embaré, e do 27 ao 30, no Macuco.

A Praça Palmares recebeu este nome em homenagem à Zumbi dos Palmares. No local acontece a tradicional cerimônia que recorda a morte do herói de Palmares e marca o Dia da Consciência Negra. 

Busto de Zumbi dos Palmares

Há muitas histórias em torno da figura de Zumbi dos Palmares. A palavra “nzumbi” vem do termo quimbundo e tem vários significados, entre as quais, “alma”, “fantasma”, “duende"", “deus”. Remetendo a um plano mais espiritual e coletivo. 
Zumbi nasceu em 1655, já no Quilombo dos Palmares. Foi capturado ainda criança e entregue como escravo a religiosos, que se sucederam na criação do garoto, até chegar ao padre Antônio Melo. O garoto foi batizado com nome cristão – Francisco – e, ainda criança, aprendeu a falar e a escrever na língua portuguesa e em latim. Mas essa identidade mudaria tão logo.
Franscisco fugiu e retornou ao quilombo onde nascera, passando a ter contato direto com a realidade do escravismo – o que o deixa indignado e o leva à luta em defesa de seus iguais. De volta ao então Mocambo Palmares, Zumbi se aperfeiçoou na luta da capoeira e no uso de arcos, flechas, lanças e artimanhas com fogo, táticas que o habilitaram a comandar o efetivo militar dos palmarinos.
Após a morte de seu tio, Ganga Zumba,  Zumbi assumiu a liderança de Palmares, que reunia cerca de 16 quilombos, nas regiões localizadas entre o norte de Alagoas e o sul de Pernambuco. Um ano após a destruição de Palmares, em 1694, Zumbi é morto por decapitação, no dia 20 de novembro, na Serra da Barriga.
Se o umzimba (corpo físico) de Zumbi dos Palmares se foi, seu isithunzi (legado, força, espírito ancestral) permanece no mundo, orientando e conduzindo os atos dos seus.

Pista de Skate

Inaugurada na gestão da Prefeita Telma de Souza (1989-1992), o espaço é o maior voltado para a prática do Skate no município de Santos. A Praça conta com rampas e uma pista para manobras.
A Praça costuma ter movimentação intensa de skatistas e jovens que passam parte do dia no espaço. Para além das celebrações do dia da Consciência Negra, há pouco uso e apropriação da Praça Palmares por parte dos coletivos e movimentos sociais. O espaço que carrega forte simbologia em seu nome poderia cumprir um papel de memória das lutas, de forma a integrar os bairros e a população de seu entorno.
",,"https://kbekziboncpvjqffmhlx.supabase.co/storage/v1/object/public/media/locations/0pgxs47c2ls.png,https://kbekziboncpvjqffmhlx.supabase.co/storage/v1/object/public/media/locations/4liaulpmgrg.png,https://kbekziboncpvjqffmhlx.supabase.co/storage/v1/object/public/media/locations/cupj6drzef7.png",https://mapamnt.procomum.org/mapa/praca-palmares/,,,84
"-23.9854,-46.3047",bairro,Ponta da Praia,"Bairro com pouco mais de 31 mil habitantes, a Ponta da Praia cresceu nas últimas duas décadas no embalo de um movimento de expansão imobiliária no Município. As características residencial e comercial ganharam proporção, mas os atrativos turísticos e de lazer seguem dominando a paisagem.

Ocupação e história do território

Conforme a região foi crescendo, teve como marco sua origem marcada no ano de 1967. Memórias dos moradores mais antigos apontam que boa parte do bairro era tomada por chácaras de japoneses, com muitas plantações que abasteciam a Cidade com verduras e legumes.

Antes de se tornar a Ponta da Praia que é conhecida atualmente, o bairro teve um povoado de chácaras e foi considerado o pior local de Santos para viver.

Fonte: Fundação Arquivo e Memória de Santos

A imigração japonesa e o desenvolvimento

A imigração japonesa iniciou por volta do início do século XX, com dedicação principalmente à pesca, cultivo de hortaliças e pequenos negócios familiares. O bairro era habitado, sobretudo, por pescadores e trabalhadores portuários, devido à proximidade com o mar e o porto.

O conceito da 'história oral' será utilizado para a dissertação acerca da ocupação do bairro e de sua historicidade.

Urbanização e especulação imobiliária

Nos anos 70, o bairro começou a se estruturar como área residencial, atraindo moradores de outras regiões da cidade. A urbanização acelerou quando terrenos próximos à orla foram vistos como oportunidades de investimento imobiliário.

A grande ocupação da comunidade japonesa em chácaras levou à indenização para desocupação dessas áreas, permitindo que muitos adquirissem imóveis próprios ou investissem em negócios.

Nos anos 80, um projeto de verticalização intensificou-se, transformando a região e elevando a especulação imobiliária. O processo de gentrificação ocasionou a mudança de antigos moradores e o apagamento de suas histórias.

Até por volta de dois anos atrás, um terreno vazio de 8.852m² era utilizado para eventos como circos e parques. Atualmente, um grande condomínio de prédios está sendo construído pela Miramar Construtoras, do Grupo Mendes.

Em 2022, iniciou-se o projeto de revitalização da Ponta da Praia.

Levantamento populacional e fluxo de pessoas

A Ponta da Praia é um bairro turístico que concentra diariamente um alto fluxo de pessoas, seja para deslocamento ao trabalho, seja para visitação de pontos turísticos. Além de ligar Santos ao Guarujá, interliga a Avenida Perimetral (Porto) e a Avenida Bartolomeu de Gusmão.

Mesmo com perfil turístico e residencial, a especulação imobiliária trouxe muitos prédios de luxo para a região. Entretanto, a proximidade com o Mercado do Peixe e a pesca mantém a relação do bairro com os trabalhadores do setor.

Principais pontos turísticos e fluxo populacional
- Balsa Santos-Guarujá: Média de 23 mil veículos/dia (Fonte: Semil SP).
- Mercado do Peixe: Localizado próximo à travessia da balsa.
- Museu da Pesca: Importante atração turística e patrimônio histórico-cultural. Abriga acervo sobre o ambiente aquático.
- Museu Marítimo: Possui a maior coleção de tubarões taxidermizados do país e um dos maiores acervos de biologia marinha da América Latina.
- Aquário Municipal de Santos: Inaugurado em 1945, referência na recuperação de espécies marinhas, como tartarugas e pinguins.",,"https://kbekziboncpvjqffmhlx.supabase.co/storage/v1/object/public/media/locations/u46d2x33d4.png,https://kbekziboncpvjqffmhlx.supabase.co/storage/v1/object/public/media/locations/hsveyv0ochw.png,https://kbekziboncpvjqffmhlx.supabase.co/storage/v1/object/public/media/locations/lov04jx1mg.png",,,,85
"-23.967820, -46.333099",lazer,Sorveteria Itanhaém,"Sorveteria popular da cidade desde 1971,  contém grande variedade de sabores. Está localizada no centro do Gonzaga com mesas ao ar livre.",,,,,,86
"-23.972450,-46.325406",bairro,Boqueirão,"Por volta de 1840, a palavra Boqueirão já fazia parte do vocabulário dos santistas. Era usada em referência ao caminho utilizado para ir da região central até a praia, porque os moradores precisavam atravessar o Caminho Velho da Barra (atuais ruas Braz Cubas, Luís de Camões e Oswaldo Cruz) até chegar ao boqueirão - uma grande boca que abria passagem para a orla.

Mesmo com a construção da Av. Conselheiro Nébias, que já foi chamada de Octaviana e Independência, em 1872, o local continuou a ser usado e o nome Boqueirão passou a fazer parte da História da Cidade.

O aniversário foi oficializado em 1962, pela lei 2.571, mas as comemorações tiveram início dois anos antes, quando foi criada a Sociedade Amigos e de  Melhoramentos do Boqueirão, sendo assim, lá se vão 62 anos de muitas histórias e novidades vividas por seus moradores.

O bairro tem sua área delimitada pelos canais 3 e 4, a orla da praia e parte das avenidas Francisco Glicério e Afonso Pena. Basta uma caminhada pelas suas 78 ruas para perceber a excelente infraestrutura urbana.

Feira de Produtos Artísticos e Artesanais (FeirArte), que reúne diversos expositores. Eles trazem na bagagem muito artesanato, bijuterias, roupas, sapatos e, claro, uma gastronomia diversificada.
Gibiteca Municipal. Na praia, próximo à Avenida Conselheiro Nébias.


Batalha de rap da Conselheiro.



Educação:
A Faculdade de Direito de Santos foi instalada no bairro pela Universidade Católica de Santos (Unisantos) na década de 1950 (atualmente os estudantes do curso assim como os alunos de Arquitetura utilizam o campus Dom Idílio, na Vila Mathias). Depois, ao longo da década de 1960, o bairro ainda receberia o campus universitário da Santa Cecília (Unisanta) e da Fundação Lusíada. Além disso, há ainda três escolas da rede municipal: a 'Antônio Demóstenes de Sousa Britto', que atende 446 crianças do ensino fundamental, 'Lydia Federici', com 129 alunos matriculados e 'Derosse J. de Oliveira', com 86 crianças em educação Infantil.

Bairro bem arborizado, majoritariamente residencial, muitos prédios novos e antigos, poucas casas, a maioria são prédios mesmo.
Tudo muito perto, farmácias, restaurantes, lojas e comércios dos mais variados tipos.
",,"https://kbekziboncpvjqffmhlx.supabase.co/storage/v1/object/public/media/locations/kmhawr98cy.jpeg,https://kbekziboncpvjqffmhlx.supabase.co/storage/v1/object/public/media/locations/8dt22isv1bd.jpeg,https://kbekziboncpvjqffmhlx.supabase.co/storage/v1/object/public/media/locations/lt5rd0j08hs.jpeg","https://www.santos.sp.gov.br/?q=portal/boqueirao ",,,100
"-23.934917,-46.327547",bairro,Centro Histórico,"O Centro Histórico de Santos, com suas ruas de paralelepípedos e casarões coloniais, é um verdadeiro tesouro histórico e arquitetônico. Fundada em 1545, a cidade passou por diversas fases, desde povoado até a metrópole que conhecemos hoje.
Um Pouco de História:
A região central de Santos começou a ser povoada em 1540, por colonizadores que integravam a expedição de Martim Afonso, fundador de São Vicente. Ele distribuiu terras ao redor da ilha, e Brás Cubas ficou com a área onde hoje se encontra Santos. O povoado, que se desenvolveu ao redor do Outeiro de Santa Catarina, foi elevado à Vila em 1545. Existem algumas hipóteses para a origem do nome ""Santos"", uma delas é que ele deriva da Santa Casa de Misericórdia de Todos os Santos, a primeira do Brasil.
O Porto, que antes ficava na Ponta da Praia, foi transferido para a frente do Outeiro de Santa Catarina, impulsionando o desenvolvimento da vila. Em 1839, graças a José Bonifácio, Santos foi elevada à condição de cidade.
Arquitetura: Uma Viagem no Tempo
O desenvolvimento do Centro Histórico de Santos levou décadas, e sua arquitetura reflete os diversos estilos que influenciaram a região ao longo dos anos. A presença de imigrantes de diferentes partes do mundo contribuiu para a riqueza arquitetônica da cidade. O estilo barroco, predominante nos séculos XVII e XVIII, pode ser visto em muitas construções do centro histórico. Além disso, há edifícios em estilos eclético (Teatro Coliseu), neogótico (Catedral de Santos), neoclássico (Casa da Frontaria Azulejada), neo-renascentista (Estação do Valongo) e beaux-arts (Bolsa do Café).
Explorando o Centro Histórico
Uma ótima forma de conhecer o centro de Santos é através do bonde turístico. O passeio de 40 minutos percorre 5 km pelo centro histórico, com um guia contando a história de cada ponto turístico. O bonde parte da Estação do Valongo e os horários variam de acordo com o dia da semana.
Roteiro a Pé pelo Centro Histórico
Para explorar o centro histórico em detalhes, você pode fazer um roteiro a pé:
 * Fábrica de Cultura (antiga Cadeia Velha): Comece o passeio pela antiga cadeia, que hoje abriga a fábrica de cultura, com diversos cursos gratuitos.
 * Monte Serrat: Suba o monte de bonde ou a pé para ter uma vista panorâmica de Santos e conhecer a igreja de Nossa Senhora do Monte Serrat, padroeira da cidade.
 * Teatro Guarani: Visite o primeiro teatro construído em Santos, que foi restaurado e reaberto ao público.
 * Santuário de Santo Antônio do Valongo: Admire a arquitetura barroca deste santuário, um dos mais importantes do Brasil.
 * Museu Pelé: Conheça a história de um dos maiores jogadores de futebol de todos os tempos neste museu interativo.
 * Casa da Frontaria Azulejada: Encante-se com a fachada desta casa, revestida de azulejos portugueses.
 * Museu do Café e Bolsa do Café de Santos: Descubra a história do café em Santos e experimente diferentes tipos de café na cafeteria do museu.
 * Conjunto do Carmo e Panteão dos Andradas: Visite este conjunto arquitetônico histórico, que abriga os restos mortais de José Bonifácio e seus irmãos.
 * Monumento Abraço Cubas: Homenagem ao fundador de Santos, esta estátua é um marco na cidade.
 * Prédio da Alfândega: Conheça este imponente prédio, que abriga um museu sobre mercadorias falsificadas.
 * Casa do Trem Bélico: Veja a exposição permanente sobre armaria neste prédio histórico.
 * Outeiro de Santa Catarina: Explore o local onde tudo começou, o marco inicial do povoamento de Santos.
 * Teatro Coliseu: Assista a um espetáculo neste teatro histórico, que já recebeu grandes nomes da arte.
 * Catedral de Santos: Admire a beleza desta catedral, um dos cartões postais da cidade.
Onde Comer no Centro Histórico
Após um dia explorando o centro histórico, você pode saborear a culinária local em um dos restaurantes da região:
 * Café Carioca: Experimente os famosos sanduíches de pernil e pastéis deste café tradicional.
 * Tasca do Porto: Saboreie pratos portugueses autênticos e, no último sábado de cada mês, assista a um show de fado.
 * Porta do Sol: Delicie-se com a culinária espanhola e frutos do mar deste restaurante com mais de 50 anos de história.
Outras Atrações no Centro Histórico
Além dos pontos turísticos e restaurantes, o centro de Santos oferece outras opções de lazer e compras. Você pode encontrar lojas de roupas, livrarias, cafés, bares e muito mais.
Hospedagem no Centro Histórico	
Para se hospedar no centro de Santos, uma boa opção é o Ibis Santos Valongo, que fica próximo à rodoviária e oferece conforto e praticidade.
Dicas Extras
 * Não deixe de experimentar o café de Santos, famoso por sua qualidade e sabor.
 * Se você gosta de futebol, não perca a oportunidade de visitar o Museu Pelé.
 * Para uma experiência cultural autêntica, assista a um show de fado na Tasca do Porto.
 * Se você está procurando por compras, o centro de Santos oferece uma variedade de lojas para todos os gostos.
O Centro Histórico de Santos é um lugar rico em história, cultura e arquitetura. Ao explorar suas ruas e edifícios, você fará  uma viagem no tempo e descobrirá a beleza e a importância desta cidade.",,"https://kbekziboncpvjqffmhlx.supabase.co/storage/v1/object/public/media/locations/zbcm0ifwm1s.png,https://kbekziboncpvjqffmhlx.supabase.co/storage/v1/object/public/media/locations/sptz4oa9jd.png,https://kbekziboncpvjqffmhlx.supabase.co/storage/v1/object/public/media/locations/ywcx69mviwb.png,https://kbekziboncpvjqffmhlx.supabase.co/storage/v1/object/public/media/locations/hn8by3nigz.png,https://kbekziboncpvjqffmhlx.supabase.co/storage/v1/object/public/media/locations/xk8cavab86t.png,https://kbekziboncpvjqffmhlx.supabase.co/storage/v1/object/public/media/locations/hy1r3jdif2g.png",,,,101
"-23.957587,-46.337763",bairro,Campo Grande,"Um bairro quase majoritariamente residencial, que lembra um pouco cidade do interior, mas com uma área de mais de 1,1 milhão de metros quadrados, que une tradição e modernidade. O espaço, inicialmente formado apenas por um grande campo pantanoso com matagal, brejo e animais selvagens, viu sua história mudar no final do século 19, com a implementação da linha de bondes da extinta Companhia City, a famosa Linha 7, que passava pelo canal 2, hoje tomada por arranha-céus.

Algumas instituições que estão localizada nesse bairro como a Sociedade de Melhoramentos do Campo Grande, situada na Rua Marquês de São Vicente, o Centro Espanhol e Repatriação de Santos e a Sociedade União Portuguesa. Conta com as UMEs Ayrton Senna da Silva, Barão do Rio Branco, Olavo Bilac, a Policlínica Campo Grande, o Centro de Referência em Saúde Auditiva, o Centro de Atenção Psicossocial Infantojuvenil #tamojunto, o Núcleo de Apoio Psicossocial V (Naps V) e a Vila Criativa Campo Grande.
",,,,,,102
"-23.931833,-46.334125",lazer,Burakos Bar,"Bar alternativo e underground em Santos, com foco em música independente (rock, punk, hip‑hop, experimental), arte urbana e eventos criativos — incluindo feiras de arte, vinil e grafites locais. Um espaço autêntico da cena cultural da cidade.

Endereço: R. Brás Cubas, 397 – Vila Nova, Santos – SP
",,"https://kbekziboncpvjqffmhlx.supabase.co/storage/v1/object/public/media/locations/bbssgbdvqm8.jpg,https://kbekziboncpvjqffmhlx.supabase.co/storage/v1/object/public/media/locations/mr56k9rg0s.jpg",,,,105
"-23.931421,-46.334057",educação,Educafro Valongo,"A EDUCAFRO é um cursinho popular que promove o acesso à educação superior para jovens, sobretudo pobres e negros(es, as), oferecendo formação acadêmica, cidadã e cultural com perspectiva antirracista. Na Baixada Santista, está presente desde 2001, consolidando-se como referência em cursos preparatórios para vestibulares e ENEM.

O núcleo Valongo está localizado em área central e acessível, favorecendo a participação de estudantes de diferentes regiões, incluindo localidades de maior vulnerabilidade social. O bairro possui relevância histórica e simbólica para Santos, e a presença da EDUCAFRO reforça seu compromisso com a valorização da memória, da diversidade e das trajetórias de grupos historicamente marginalizados, atuando como ferramenta de inclusão e reconhecimento social.

As aulas ocorrem de segunda a sexta-feira, das 19h às 22h, e aos sábados, das 8h às 20h, com o apoio de uma ampla rede de voluntários que acompanha cerca de 100 estudantes.

Endereço: R. Marquês de Herval, 24 – Valongo, Santos – SP, 11010-310 - (atualmente funciona da escola Barnabé, em Santos)
Telefone: (13) 98838-3085",,"https://kbekziboncpvjqffmhlx.supabase.co/storage/v1/object/public/media/locations/zuglvlp30ms.jpg,https://kbekziboncpvjqffmhlx.supabase.co/storage/v1/object/public/media/locations/lhe7jlvs33.png",https://www.facebook.com/educafrovalongo/?locale=pt_BR,,,106
"-23.932127,-46.332356",historico,Casa da Frontaria Azulejada,"Edifício histórico tombado, construído em meados do século XIX, famoso pela fachada revestida de azulejos portugueses. Funcionava como entreposto comercial, e hoje abriga eventos culturais e exposições promovidas pela Fundação Arquivo e Memória de Santos, mantendo viva a memória arquitetônica da cidade.

 Endereço: Rua do Comércio, 92 – Centro Histórico, Santos – SP
",,"https://kbekziboncpvjqffmhlx.supabase.co/storage/v1/object/public/media/locations/nutwx9s5ic.jpg,https://kbekziboncpvjqffmhlx.supabase.co/storage/v1/object/public/media/locations/gsxwruh7plb.jpg,https://kbekziboncpvjqffmhlx.supabase.co/storage/v1/object/public/media/locations/08i503pzfcls.jpg,https://kbekziboncpvjqffmhlx.supabase.co/storage/v1/object/public/media/locations/3l3i1l08ejy.jpg",https://pt.wikipedia.org/wiki/Casa_da_Frontaria_Azulejada,https://kbekziboncpvjqffmhlx.supabase.co/storage/v1/object/public/media/audios/audio_l7phm5pniki.wav,,107
"-23.931044,-46.333589",historico,Estação do Bonde Histórico de Santos,"A Estação do Bonde Histórico de Santos é o ponto de partida da Linha Turística do Bonde, que oferece passeios pelo Centro Histórico da cidade, permitindo aos visitantes conhecer pontos turísticos e culturais de forma única e nostálgica.

Endereço:
Largo Marquês de Monte Alegre, nº 2 – Valongo, Santos – SP

Horário de Funcionamento:
De terça a sexta-feira: das 11h às 17h, com saídas a cada 1 hora.
Sábados: das 10h30 às 17h, com saídas a cada 40 minutos.
Domingos: das 10h30 às 13h, com saídas a cada 40 minutos; das 13h às 17h, saídas a cada 1 hora.",,https://kbekziboncpvjqffmhlx.supabase.co/storage/v1/object/public/media/locations/yrjem2vfgzh.jpg,https://www.turismosantos.com.br/pt-br/content/bonde-linha-turistica,,,108
"-23.9608,-46.3331",comunidades,Escola de Samba Brasil,"Foi a primeira escola de samba na Baixada Santista e uma das pioneiras no Brasil. Foi efetivamente fundada em 10 de maio de 1949, mas sua origem remonta aos carnavais de 1939 e 1941. Representa um marco histórico importante na cultura negra e no samba de Santos.",,,,,,109
"-23.9608,-46.3331",cultura,Coletivo de Capoeira e Cultura Popular,"Aulas de capoeira, musicalidade e rodas de samba para crianças. Espaço dedicado à preservação e transmissão da cultura afro-brasileira através de atividades educativas e culturais para jovens e crianças da comunidade.",,,,,,110
"-23.96,-46.33",historico,Quilombo do Pai Felipe,"O Quilombo do Pai Felipe era um lugar frequentado por políticos e lideranças abolicionistas, que nos finais de semana se deslocavam até lá para ouvir batuques e dançar samba. Representa um importante espaço de resistência e cultura negra durante o período da escravidão.",,,,,,111
"-23.9729439,-46.3243237",comunidades,Batalha da Conselheiro,"Realizada pela juventude negra por oito anos na Baixada Santista, uniu música, rima, MCs, performances e muita rua. Evento cultural que fortaleceu a identidade e expressão artística da juventude negra local através do hip-hop e outras manifestações culturais urbanas.",,,,,,112
"-23.9655484,-46.4237595",religiao,Igreja Santa Josefina Bakhita,"Igreja dedicada à Santa Josefina Bakhita, santa africana canonizada pela Igreja Católica. Representa a presença e valorização da religiosidade afro-cristã na comunidade santista, servindo como espaço de fé e resistência cultural.",,,,,,113
"-23.9328353,-46.3305138",cultura,"Clube do Choro ","Fundado em 23 de abril de 2002, tem como patrono Aníbal Augusto Sardinha (Garoto). Realiza ações buscando salvaguardar e fomentar o gênero musical do choro. José Theodoro dos Santos Pereira foi um português que ajudou a manter o Quilombo do Jabaquara e comunicava aos abolicionistas a descida de escravos fugidos pela Serra do Mar, representando a solidariedade na luta abolicionista.",,https://kbekziboncpvjqffmhlx.supabase.co/storage/v1/object/public/media/locations/qugjm2g7yal.jpeg,,,,115
"-23.9608,-46.3331",religiao,Terreiro de Matriz Africana,"Território de mocumbas brasileiras e culto tradicional iorubá. É a casa de orixá do Pai Thiago e Mãe Rayma. Espaço sagrado dedicado à preservação e prática das tradições religiosas de matriz africana, servindo como centro de resistência cultural e espiritual para a comunidade afro-descendente de Santos.",,,,,,116
"-23.947586,-46.362971",historico,Antigo Engenho dos Erasmos,"Antigo engenho que hoje em dia funciona como um monumento histórico de Santos. Representa um importante marco da história colonial brasileira e da escravidão, servindo como testemunho da exploração do trabalho escravo na produção açucareira e como espaço de memória e reflexão sobre esse período histórico.",,https://kbekziboncpvjqffmhlx.supabase.co/storage/v1/object/public/media/locations/le03rhzqd2.jpg,,,,118
"-23.9608,-46.3331",comunidades,Escola de Samba de Santos (Carminda de Jesus),"Fundada por Carminda de Jesus em 1949. Representa mais uma importante contribuição feminina para a cultura do samba em Santos, destacando o papel fundamental das mulheres negras na preservação e transmissão das tradições culturais afro-brasileiras na cidade.",,,,,,119
"-23.9470363,-46.3536089",comunidades,Escola de Samba Unidos dos Morros,"Escola tradicional da cidade, símbolo da resistência cultural e da presença negra no samba santista. Representa a força e a tradição do samba nas comunidades dos morros de Santos, sendo um importante espaço de organização comunitária e preservação cultural.",,,,,,121
"-23.9380795,-46.3871576",cultura,Arte no Dique / Espaço Marielle Franco,"Projeto social e cultural na Zona Noroeste que promove oficinas, arte e cidadania, valorizando a cultura periférica. Espaço dedicado à memória de Marielle Franco e ao fortalecimento da cultura das periferias, oferecendo atividades educativas e culturais que empoderam a comunidade local.",,,,,,122
"-23.9537362,-46.322623",religiao,Sociedade Espírita do Anjo da Guarda,"Criada por Maria Patrícia Fagundes em 1883. Maria era parteira e também conhecida como Mãe Preta, considerada a 'mãe de todos os santistas'. Representa a importante contribuição das mulheres negras na assistência social e espiritual da comunidade, destacando o papel fundamental das parteiras e cuidadoras negras na história de Santos.",,,,,,123
"-23.9608,-46.3331",cultura,Coletivo de Capoeira e Cultura Popular,"Aulas de capoeira, musicalidade e rodas de samba para crianças. Espaço dedicado à preservação e transmissão da cultura afro-brasileira através de atividades educativas e culturais para jovens e crianças da comunidade.",,,,,,125
"-23.96,-46.33",historico,Quilombo do Pai Felipe,"O Quilombo do Pai Felipe era um lugar frequentado por políticos e lideranças abolicionistas, que nos finais de semana se deslocavam até lá para ouvir batuques e dançar samba. Representa um importante espaço de resistência e cultura negra durante o período da escravidão.",,,,,,126
"-23.9575511,-46.310904",comunidades,Escola de Samba X-9 / Irmandade Nossa Senhora do Rosário dos Homens Pretos,"Fundada em 26 de janeiro de 1985, cujo objetivo não é só ser uma escola de samba, mas também promover atividades culturais, sociais e esportivas. A Irmandade promove a religiosidade e o cuidado à população negra escravizada de Santos, sendo fundada em 1652 e localizada no centro da cidade. Representa a união entre tradição religiosa e cultural afro-brasileira.",,,,,,129
"-23.9608,-46.3331",religiao,Terreiro de Matriz Africana,"Território de mocumbas brasileiras e culto tradicional iorubá. É a casa de orixá do Pai Thiago e Mãe Rayma. Espaço sagrado dedicado à preservação e prática das tradições religiosas de matriz africana, servindo como centro de resistência cultural e espiritual para a comunidade afro-descendente de Santos.",,,,,,131
"-23.9537362,-46.322623",religiao,Sociedade Espírita do Anjo da Guarda,"Criada por Maria Patrícia Fagundes em 1883. Maria era parteira e também conhecida como Mãe Preta, considerada a 'mãe de todos os santistas'. Representa a importante contribuição das mulheres negras na assistência social e espiritual da comunidade, destacando o papel fundamental das parteiras e cuidadoras negras na história de Santos.",,,,,,138
"-23.9326167,-46.3242661",historico,Quilombo José Theodoro dos Santos Pereira (Garrafão),"O Quilombo José Theodoro dos Santos Pereira, também conhecido como Quilombo do Garrafão, foi um importante espaço de resistência e liberdade em Santos, durante o período da escravidão. Localizado onde hoje se encontra a Praça Antônio Teles, no Centro Histórico da cidade, o quilombo representava um refúgio para homens e mulheres que ousaram romper com a ordem opressora e buscar uma vida digna fora das correntes do cativeiro. 

O nomo desse quilombo faz referência a José Theodoro dos Santos Pereira, o Santos Garrafão, português que auxiliou abolicionistas e ajudou a manter o Quilombo do Jabaquara, sendo lembrado pela solidariedade e coragem de apoiar os que fugiam pela Serra do Mar. Contudo, o verdadeiro protagonista dessa história é o próprio quilombo — expressão concreta da resistência negra e símbolo da luta pela liberdade em uma cidade profundamente marcada pela escravidão.

Hoje, não existe nenhuma placa ou sinal que indique a existência desse lugar relevante para a história de Santos e para a luta abolicionista. O esquecimento do Quilombo do Garrafão revela como parte significativa da memória coletiva permanece invisibilizada, reduzindo a presença negra e sua contribuição à liberdade a notas marginais da história oficial.


",,"https://kbekziboncpvjqffmhlx.supabase.co/storage/v1/object/public/media/locations/1f5a4rlxq5x.jpg,https://kbekziboncpvjqffmhlx.supabase.co/storage/v1/object/public/media/locations/h271cl4la0q.png",,,,139
"-23.930980,-46.358589",saude,Policlínica da Alemoa e Chico de Paula,"A Policlínica da Alemoa e Chico de Paula é uma unidade de Atenção Básica em Santos, servindo como a principal porta de entrada ambulatorial do SUS para cerca de 9.600 moradores da Alemoa, Chico de Paula, Vila Haddad e parte do Saboó. Sua atuação é focada na promoção, prevenção e recuperação da saúde, oferecendo serviços como consultas médicas, procedimentos de enfermagem (curativos e inalação) e o desenvolvimento de grupos de apoio e programas específicos de saúde, como o ""Pelotão da Saúde"". 

Contudo, a unidade enfrenta desafios periódicos. Questões críticas incluem a interdição do consultório odontológico em junho de 2025 devido a uma infestação de cupins, além de reclamações anteriores sobre a falta de médicos (registradas em 2018) e debates sobre a necessidade de melhorias na gestão dos serviços. A equipe é composta por profissionais de saúde da atenção básica, e o contato e funcionamento da Policlínica são:

    Endereço: Rua Afonsina Proost de Souza, s/nº - Alemoa (Vila Haddad), Santos - SP.

    Telefone: (13) 3299-7855.

    E-mail: seub-acp@santos.sp.gov.br.

    Horário de Funcionamento: Segunda a Sexta-feira, das 7h às 17h.",,https://kbekziboncpvjqffmhlx.supabase.co/storage/v1/object/public/media/locations/h5hr9dzfko.jpg,https://camarasantos.sp.gov.br/publico/include/download.php?file=4835,,,208
"-23.9713854,-46.318503",saude,Policlínica Aparecida,"Av. Pedro Lessa, 1728. Tel: (13) 3231-6548. E-mail: ubs-aparecida@santos.sp.gov.br. Horário de Funcionamento: De segunda a sexta-feira, das 7 às 17 horas",,,,,,209
"-23.945547,-46.373410",saude,Policlínica Areia Branca,"Rua Francisco Lourenço Gomes, 118. Tel: (13) 3291-5816. E-mail: usf-areiabranca@santos.sp.gov.br. Horário de Funcionamento: De segunda a sexta-feira, das 7 às 17 horas",,https://kbekziboncpvjqffmhlx.supabase.co/storage/v1/object/public/media/locations/la04m4k9la.jpg,https://www.santos.sp.gov.br/?q=local/policlinica-da-areia-branca,,,210
"-23.9360414,-46.3808663",saude,Policlínica Bom Retiro,"Rua João Fraccaroli, s/nº. Tel: (13) 3299-7669. E-mail: usf-bomretiro@santos.sp.gov.br. Horário de Funcionamento: De segunda a sexta-feira, das 7 às 17 horas",,,,,,211
"-23.955440,-46.343519",saude,Policlínica Campo Grande,"Rua Carvalho de Mendonça, 607. Tel: (13) 3239-3039. E-mail: ubs-campogrande@santos.sp.gov.br. Horário de Funcionamento: De segunda a sexta-feira, das 7 às 17 horas",,,,,,212
"-23.9443341,-46.3692732",saude,Policlínica Caneleira,"Rua Adriano de Campos Tourinho, 705 - Santa Maria. Horário de Funcionamento: De segunda a sexta-feira, das 7 às 17 horas",,,,,,213
"-23.9433185,-46.3877873",saude,Hospital e Maternidade Municipal Dr. Silvério Fontes,"Rua Agamenon Magalhães s/nº - Castelo. Tel: (13) 3209-8000. Horário de Funcionamento: De segunda a sexta-feira, das 7 às 17 horas",,,,,,214
"-23.96154455,-46.31650736",esporte,Palmares Skate Park,"Espaço vibrante e comunitário integrado à Praça Palmares, com pista de skate, iluminação, bancos e canteiros. Ideal para treinos técnicos, recreação e eventos culturais ao ar livre. O busto de Zumbi dos Palmares reforça o vínculo histórico e cultural.",,https://qbdofilxcfnxhaimuilu.supabase.co/storage/v1/object/public/famous-places-images/1753197223225-hrdkba.webp,,,,215
"-23.97701978,-46.38835430",Engenharia,Ponte Pênsil de São Vicente,"Inaugurada em 21 de maio de 1914 como a primeira ponte suspensa do Brasil, com 180 m de extensão e torres de cerca de 23 m. Projetada por Saturnino de Brito para o transporte de tubulações sanitárias, tornou-se cartão‑postal e marco da engenharia local. Preserva elementos originais e é tombada como patrimônio histórico municipal.‎",,https://qbdofilxcfnxhaimuilu.supabase.co/storage/v1/object/public/famous-places-images/1753797922687-uyuwl2.jpg,,,,216
"-23.96891210,-46.38690600",Patrimônio Histórico,Casa Martim Afonso,"Símbolo da fundação da primeira vila do Brasil em 22 de janeiro de 1532 por Martim Afonso de Sousa. A edificação atual foi construída em 1895 pelo Barão de Piracicaba e inaugurada em 2000 como espaço cultural. Inclui a “Casa de Madeira” que abriga o Sítio Arqueológico Bacharel: vestígio de parede em taipa datada de 1510–1520, considerada a construção mais antiga do país. O local abriga o Centro de Documentação e Memória de São Vicente (CEDOM), exposições permanentes, acervo arqueológico e programação cultural anual com encenações, oficinas e eventos.‎",,https://qbdofilxcfnxhaimuilu.supabase.co/storage/v1/object/public/famous-places-images/1753798390980-g8hvhn.jpg,,,,217
"-23.93342830,-46.32249980",historico,Outeiro de Santa Catarina,"Marcos iniciais da vila de Santos no século XVI: Luís de Góes e Catarina de Aguillar ergueram ali a capela de Santa Catarina de Alexandria, junto com a primeira Santa Casa em 1543. O outeiro serviu como fonte de pedras para o calçamento e expansão do porto até o século XIX. Em torno de 1880–84, o médico italiano João Éboli ergueu uma casa acastelada sobre a rocha remanescente, com estilo que remete a um pequeno castelo. Tombado na década de 1980 como patrimônio histórico, cultural, artístico e arqueológico, pertence hoje à Fundação Arquivo e Memória de Santos, com museu e intervenções visuais, incluindo painel de azulejos instalado em 1996. Reconhecido como marco inicial pelo município em 22 de outubro de 1922.‎",,https://qbdofilxcfnxhaimuilu.supabase.co/storage/v1/object/public/famous-places-images/1753797782587-7yqeny.jpg,,,,218
"-23.94817887,-46.35479245",turismo,Lagoa da Saudade,"Localizada no Morro da Nova Cintra, a Lagoa da Saudade é um recanto natural cercado por vegetação e lendas locais. Um dos pontos mais tranquilos e simbólicos de Santos, onde há também uma estátua em homenagem a Mãe d'Água. O local é muito visitado por moradores e turistas em busca de sossego e contemplação.",,https://qbdofilxcfnxhaimuilu.supabase.co/storage/v1/object/public/famous-places-images/1753190349035-1m1p03.jpg,,,,219
"-23.93557428,-46.33244205",historico,Cadeia Velha (Casa de Câmara e Cadeia),"Construída a partir de 1839 no antigo Campo da Chácara (atual Praça dos Andradas), abrigou Câmara Municipal, Fórum e cadeia até 1958. Serviu também como quartel durante a Guerra do Paraguai, alojou presos políticos e foi tombada pelo IPHAN. Após restauração, tornou‑se sede da Oficina Pagu e da Fábrica de Cultura 4.0.",,https://qbdofilxcfnxhaimuilu.supabase.co/storage/v1/object/public/famous-places-images/1753198903957-77djn2.jpeg,,,,220
"-23.96476724,-46.36234582",Mirante / Esporte,Morro da Asa Delta (Morro do Voturuá),"Com 180 m de altitude, o Morro da Asa Delta — também conhecido como Morro do Voturuá ou Itararé — oferece vistas panorâmicas da Baixada Santista, incluindo Santos, São Vicente, Praia Grande, Cubatão e Guarujá. Frequentado por praticantes de voo livre, o local permite voos duplos de asa‑delta e parapente, com duração de até 20 minutos dependendo das condições climáticas. É possível subir a pé, de carro ou teleférico, tornando-se uma experiência única para aventureiros e apreciadores de paisagens naturais.",,https://qbdofilxcfnxhaimuilu.supabase.co/storage/v1/object/public/famous-places-images/1753726356199-66siu5.jpg,,,,221
"-23.99005741,-46.30638835",museu,Museu de Pesca,"Museu dedicado à pesca e vida marinha, localizado em um antigo forte. Possui esqueleto de baleia e exposições sobre a história da pesca no litoral paulista.",,https://qbdofilxcfnxhaimuilu.supabase.co/storage/v1/object/public/famous-places-images/1753188883235-6n4obc.jpg,,,,222
"-23.97215720,-46.35004960",monumento,Escultura 100 Anos da Imigração Japonesa,"Monumento criado pela artista Tomie Ohtake em homenagem aos 100 anos da imigração japonesa no Brasil. Localizada na Praça da Independência, a escultura representa a união entre Brasil e Japão.",,https://qbdofilxcfnxhaimuilu.supabase.co/storage/v1/object/public/famous-places-images//escultura.webp,,,,223
"-23.979038,-46.368313",Monumento,Memorial dos 500 Anos,"Projeto de Oscar Niemeyer inaugurado em 2000 para celebrar os 500 anos do descobrimento do Brasil. Localizado na Ilha Porchat, oferece plataforma panorâmica com vista de Santos e São Vicente, além de espaço expositivo sobre a história da região.‎",,https://qbdofilxcfnxhaimuilu.supabase.co/storage/v1/object/public/famous-places-images/1753798164620-s6auo8.jpg,,,,224
"-23.98639251,-46.31336957",histórico,Farol Quebrado do Canal 6,"Ruínas do antigo farol de sinalização no mar, erguido no início dos anos 1960 junto ao Canal 6, que orientava navios na entrada da baía de Santos. Foi parcialmente demolido em 2009, mas resistiu graças à mobilização popular. Hoje é ponto de contemplação, com projetos futuros para instalação de coluna d’água iluminada no local.",,https://qbdofilxcfnxhaimuilu.supabase.co/storage/v1/object/public/famous-places-images/1753198930430-fr498n.jpg,,,,225
"-23.98620512,-46.30826036",turismo,Aquário Municipal,"O Aquário Municipal de Santos localiza-se no bairro da Ponta da Praia, na cidade de Santos, estado de São Paulo, Brasil. ",,https://qbdofilxcfnxhaimuilu.supabase.co/storage/v1/object/public/famous-places-images/1753184131476-ssvljv.jpg,,,,226
"-23.99489437,-46.30689561",Fortificação,Fortaleza da Barra Grande,"Construída em 1584 pelos espanhóis durante a União Ibérica, a fortaleza foi posteriormente ampliada pelos portugueses para proteger o estuário do Porto de Santos. Possui arquitetura militar típica do período colonial e já abrigou artilharia pesada. Durante séculos teve papel estratégico na defesa contra corsários e invasões. Restaurada e reaberta ao público em 2010, é hoje um importante ponto turístico e educativo, com vista panorâmica da baía e exposições sobre a história da região. Tombada como patrimônio histórico pelo IPHAN.",,https://qbdofilxcfnxhaimuilu.supabase.co/storage/v1/object/public/famous-places-images/1753799946158-b4wc9w.jpg,,,,227
"-23.94759978,-46.36294305",histórico,Engenho dos Erasmos,"Também conhecido como Engenho São Jorge dos Erasmos, é uma das mais antigas estruturas coloniais do Brasil, datada do início do século XVI. Foi um importante engenho de açúcar operado por mão de obra indígena e escravizada. Suas ruínas representam a história da colonização portuguesa e da economia açucareira no Brasil. Hoje é um sítio arqueológico tombado e aberto à visitação.",,https://qbdofilxcfnxhaimuilu.supabase.co/storage/v1/object/public/famous-places-images/1753190382527-ilvgn5.jpg,,,,228
"-23.96871800,-46.38813260",Cultural,Parque Cultural Vila de São Vicente,"Espaço inaugurado em 2001 que recria a Vila de 1532 com obras renascentistas, Pelourinho, Casachapadinha e encenações históricas. Construções feitas com técnicas tradicionais (telhas e madeiras artesanais). Inclui museu, comércios simbólicos e representações vivas do período colonial.‎",,https://qbdofilxcfnxhaimuilu.supabase.co/storage/v1/object/public/famous-places-images/1753797826410-9e7ocl.jpg,,,,229
"-23.99072545,-46.30704848",lazer,Deck do Pescador,"Um ponto turístico e cartão postal da cidade, localizado na Ponta da Praia, conhecido por sua vista privilegiada da entrada e saída de navios do porto de Santos e também por ser um local procurado para a pesca. ",,https://qbdofilxcfnxhaimuilu.supabase.co/storage/v1/object/public/famous-places-images/1754398460726-exggw2.webp,,,,230
"-23.93682160,-46.32440840",Religioso,Catedral de Santos,"Templo neogótico iniciado em 1909, em estilo projetado pelo engenheiro alemão Maximilian Emil Hehl; possui vitrais importados da Alemanha, afrescos imponentes e esculturas em granito na fachada. Funcionou parcialmente desde os anos 1920 e foi concluída em 1967. Atualmente é sede da Diocese de Santos.‎",,https://qbdofilxcfnxhaimuilu.supabase.co/storage/v1/object/public/famous-places-images/1753798346188-2tb9cc.jpg,,,,231
"-23.94419749,-46.33284273",lazer,Centro Cultural Patrícia Galvão,"O Teatro Patrícia Galvão é um dos principais espaços culturais de Santos, conhecido por sua arquitetura e por abrigar diversas produções teatrais e eventos culturais ao longo do ano. O teatro leva o nome de Pagu, uma importante feminista, militante de esquerda e artista de Santos.",,https://qbdofilxcfnxhaimuilu.supabase.co/storage/v1/object/public/famous-places-images/1754069068393-epv96k.jpg,,,,232
"-23.96548643,-46.34921985",turismo,Orquidário Municipal,"O Orquidário Municipal de Santos é um parque zoobotânico situado no município brasileiro de Santos, no Estado de São Paulo.
Inaugurado em 1945, dispõe de uma floresta urbana e exuberante, cuidadosamente plantada em solo adequado e cultivada, em particular com espécies da Mata Atlântica, além de estufa com uma coleção de orquídeas. Conta com mais de 3500 orquídeas de mais de 120 espécies. Além disso, possui cerca de 500 animais de 70 espécies, a exemplo de cutias, cágados, jabutis, saracuras e pavões. ",,https://qbdofilxcfnxhaimuilu.supabase.co/storage/v1/object/public/famous-places-images/1753188837212-yfahbf.jpeg,,,,233
"-23.93283340,-46.32320730",Fortificação,Casa do Trem Bélico,"Edificado entre 1734 e 1738 (com possível origem anterior entre 1640‑1656), servia como depósito de munições para os fortes que protegiam a Vila de Santos. É o mais antigo prédio público da cidade e único exemplar de arquitetura militar colonial setecentista ainda preservado no Brasil. Restaurado em 2009 pelo IPHAN e Condephaat, agora abriga exposições permanentes (Linha do Tempo e acervo bélico), espaço educativo, café e administração do Circuito dos Fortes.‎",,https://qbdofilxcfnxhaimuilu.supabase.co/storage/v1/object/public/famous-places-images/1753798311432-o5cuhi.jpg,,,,234
"-23.96122077,-46.31626565",cultura,Praça Zumbi dos Palmares,"Praça homenageando Zumbi dos Palmares, com busto e espaço para eventos como celebração do Dia da Consciência Negra. Conta também com playground e pista de skate integrados à memória afro-brasileira.",,https://qbdofilxcfnxhaimuilu.supabase.co/storage/v1/object/public/famous-places-images/1753197255871-p7moer.jpg,,,,235
"-23.93252415,-46.33015802",histórico,Bolsa Oficial de Café,"Edifício histórico construído em 1922, sede da antiga Bolsa Oficial de Café. Arquitetura eclética com influências neoclássicas e art déco.",,https://qbdofilxcfnxhaimuilu.supabase.co/storage/v1/object/public/famous-places-images/1753184266557-vwjub6.jpeg,,,,236
"-23.97402133,-46.35270774",Ilha,Ilha Urubuqueçaba,"Pequena ilha rochosa localizada próxima à praia do José Menino, em Santos, a cerca de 270 metros da areia. A Ilha Urubuqueçaba é envolta em lendas indígenas e histórias locais, sendo um dos símbolos mais misteriosos da cidade. Seu nome, de origem tupi, significa ""lugar onde se ajunta urubu"". Nos períodos de maré baixa, é possível alcançá-la a pé por um banco de areia, tornando-se uma experiência única para visitantes. A ilha abriga vegetação nativa e formações rochosas, além de ser ponto de observação da fauna marinha e aves. É considerada uma Área de Proteção Ambiental e possui acesso restrito para garantir a preservação do ecossistema.",,https://qbdofilxcfnxhaimuilu.supabase.co/storage/v1/object/public/famous-places-images/1753725981319-l5ethh.jpeg,,,,237
"-23.93641467,-46.32442653",cultura,Teatro Coliseu,"Teatro histórico inaugurado em 1924, um dos mais importantes da cidade. Arquitetura neoclássica com capacidade para 1.200 espectadores.",,https://qbdofilxcfnxhaimuilu.supabase.co/storage/v1/object/public/famous-places-images/1753188925466-vm2kfk.jpg,,,,238
"-23.94263900,-46.34686100",histórico,Quilombo do Jabaquara,"Constituído em 1880 por libertos, fugitivos da escravidão e militantes abolicionistas, o Quilombo do Jabaquara chegou a abrigar até 20 mil pessoas. Foi um importante reduto da resistência negra em Santos. Em 2005, uma placa foi instalada na entrada simbólica do quilombo para homenagear sua história.",,https://qbdofilxcfnxhaimuilu.supabase.co/storage/v1/object/public/famous-places-images/1753190426877-qj6oh6.jpg,,,,239
"-23.91554014,-46.30828232",comunidades,Ilha Diana,"Ilha localizada no estuário do rio Diana, na Área Continental de Santos. Um reduto caiçara ainda ativo, com cerca de 56 famílias vivendo da pesca artesanal, construções sobre palafitas e forte tradição comunitária. O acesso é feito apenas por barco, incluindo visitas guiadas que percorrem mangues e canais, com almoço típico e interação com a cultura local. A travessia dura cerca de 15–20 minutos a partir do centro de Santos.",,https://qbdofilxcfnxhaimuilu.supabase.co/storage/v1/object/public/famous-places-images/1753726461235-c12dvc.JPG,,,,240
"-23.97100728,-46.38625950",Histórico / Fonte,Praça da Biquinha de Anchieta,"Fonte construída em 1533 e principal ponto de abastecimento de água da vila colonial, ligada às catequeses de Anchieta aos indígenas. Atualmente abriga feiras de doces, eventos culturais e celebrações históricas, sendo importante memória comunitária.‎",,https://qbdofilxcfnxhaimuilu.supabase.co/storage/v1/object/public/famous-places-images/1753800595746-46xcft.jpg,,,,241
"-23.97415291,-46.31999232",igreja,Basílica de Santo Antônio do Embaré,"A Basílica Menor de Santo Antônio do Embaré ou Basílica de Santo Antônio do Embaré, inaugurada em 1945, localiza-se na cidade de Santos, estado de São Paulo e foi projetada e construída no estilo da arquitetura neogótica. ",,https://qbdofilxcfnxhaimuilu.supabase.co/storage/v1/object/public/famous-places-images/1753184200602-co9u02.jpg,,,,242
"-23.94265363,-46.37178630",historico,Monumento Mães de Maio,"Monumento memorial em homenagem às Mães de Maio — familiares das vítimas dos Crimes de Maio de 2006. Escultura apresenta silhuetas humanas estilizadas, buquês de rosas e rampa de acesso, simbolizando a luta por justiça.",,https://qbdofilxcfnxhaimuilu.supabase.co/storage/v1/object/public/famous-places-images/1753197484632-kzzx05.jpg,,,,243
"-23.94469527,-46.33288836",Cultura / Teatro,Teatro Municipal de Santos,"Inaugurado em 1979, projetado por Oswaldo Corrêa Gonçalves, Júlio Katinsky e Abrahão Sanovicz, o Teatro Municipal ocupa cerca de 5.130 m² e integra o Centro de Cultura Patrícia Galvão. Com cerca de 765 lugares, foi concebido para democratizar o acesso às artes cênicas, sem divisão social por níveis de assento. Recebe espetáculos variados e tem relevante atuação cultural na cidade desde os anos 1980.",,https://qbdofilxcfnxhaimuilu.supabase.co/storage/v1/object/public/famous-places-images/1753726675138-9y7686.jpg,,,,244
"-23.95045290,-46.31796710",historico,O Portuário,"O Monumento ao Trabalhador Portuário, conhecido como 'O Portuário', é uma imponente escultura de 12 metros em homenagem aos trabalhadores do Porto de Santos. Criada por Vito D'Alessio e Juvenal Irene e inaugurada em 1996, a obra retrata um estivador carregando um saco, simbolizando a força e a história do trabalho no porto. Localizado na Praça Silvério de Souza, é um marco histórico e um símbolo da identidade da cidade.",,https://aquiemsantostem.wordpress.com/wp-content/uploads/2013/12/wpid-picsart_1386343806092.jpg,,,,245
"-23.95129538,-46.33895338",Esportivo / Cultural,Vila Belmiro (Estádio Urbano Caldeira),"Inaugurado em 12 de outubro de 1916 (primeira partida oficial em 22/10/1916 entre Santos e Ypiranga – vitória por 2×1), a “Praça de Esportes do Santos” tornou‑se o Estádio Urbano Caldeira em 24 de março de 1933, em homenagem ao dirigente e ex‑jogador Urbano Caldeira. É um dos estádios mais antigos do Brasil, palco da “Era Pelé” e conhecido como “Alçapão da Vila”. Capacidade atual de cerca de 16 000 a 20 000 torcedores e viveu momentos marcantes do futebol nacional. Abriga o Memorial das Conquistas, Centro de Memória e eventos esportivos e culturais.‎",,https://qbdofilxcfnxhaimuilu.supabase.co/storage/v1/object/public/famous-places-images/1753798110219-gl5s23.jpeg,,,,246
"-23.9277906,-46.3837881",assistencia,Centro de Referência da Assistência Social – Jardim São Manoel - CRAS,"Localizado na Rua Coronel Feliciano Narciso Bicudo, 655 – Jardim São Manoel, Santos, o Centro de Referência da Assistência Social (CRAS) oferece atendimento socioassistencial a famílias e indivíduos em situação de risco social.

O CRAS funciona como porta de entrada da rede de proteção social, promovendo acolhimento, orientação e acompanhamento para pessoas e famílias que necessitam de apoio. A unidade também realiza encaminhamentos para serviços especializados, organiza atividades comunitárias e desenvolve programas de fortalecimento familiar, contribuindo para a inclusão social, a melhoria da qualidade de vida e o fortalecimento dos vínculos comunitários.

📞 Telefone: (13) 3299-1010 / (13) 3219-5201",,https://kbekziboncpvjqffmhlx.supabase.co/storage/v1/object/public/media/locations/kc7jp5homc.png,,,,247
"-23.9615602,-46.3258407",assistencia,Centro de Referência de Assistência Social ZOI - SECRAS Santos,"Este equipamento público faz parte da rede de proteção social do município de Santos, atuando como centro de referência de assistência social (CRAS), oferecendo atendimento socioassistencial voltado para famílias em situação de vulnerabilidade, com foco na prevenção e promoção social. 

Horário de funcionamento:

Segunda a quinta-feira: 08:00 – 17:00
Sexta-feira: 13:00 – 17:00 

Avenida Afonso Pena, 185 - Macuco. Tel: 3221-6942 / 3203-2903 / 3221-6520. ",,,,,,248
"-23.8834473,-46.2018155",assistencia,NÚCLEOS DE INTEGRAÇÃO EM ASSISTÊNCIA SOCIAL (NIAS),"https://youtu.be/Xnt_2XGWvP0


Rua Andrade Soares, 31. Tel: 3268-1307 / 99605-0462. Núcleo de Integração em Assistência Social - Serviços de proteção social básica.",,,https://youtu.be/Xnt_2XGWvP0,,,249
"-23.9320903,-46.3640438",assistencia,Centro de Referência Especializado da Assistência Social – Zona Noroeste (CREAS),"O CREAS Zona Noroeste, localizado em Santos, oferece atendimento especializado a famílias e indivíduos que vivenciam situações de violação de direitos ou enfrentam risco pessoal e social. A unidade atua de forma estratégica no amparo a pessoas que sofreram violência, negligência, abandono, discriminação ou outras formas de afronta à dignidade humana.

Integrado à rede do Sistema Único de Assistência Social (SUAS), o CREAS desempenha um papel essencial na proteção social especial de média complexidade, promovendo acolhimento qualificado e ações de prevenção e proteção.

A unidade conta com uma equipe multiprofissional composta por assistentes sociais, psicólogos, educadores sociais e advogados, que realizam escuta especializada, planejamento individual ou familiar de atendimento, encaminhamentos intersetoriais e suporte na reconstrução e fortalecimento de vínculos familiares e comunitários.

Rua Cananeia, 269. Tel: 13-3216-1213 / 13-3216-1162. Centro de Referência Especializado da Assistência Social - Atendimento especializado a famílias e indivíduos com direitos violados.",,https://kbekziboncpvjqffmhlx.supabase.co/storage/v1/object/public/media/locations/r5xv87xn7zg.jpg,,,,251
"-23.9535052,-46.3227023",assistencia,CREAS ZL,"Av. Conselheiro Nébias, 452. Tel: 3223-4079 / 3221-8525. Centro de Referência Especializado da Assistência Social - Atendimento especializado a famílias e indivíduos com direitos violados.",,,,,,252
"-9.1675687,-101.9264645",assistencia,OUTROS SERVIÇOS VINCULADOS,. Serviço de Assistência Social.,,,,,,253
"-23.9580794,-46.3407166",assistencia,Casa Dia para Idosos Mãezinha Joana,"A Casa Dia Mãezinha Joana é um serviço da Secretaria de Desenvolvimento Social (SEDS) de Santos, integrante da rede de Proteção Social Especial de Média Complexidade, que oferece acolhimento diurno a pessoas idosas em risco social.

O serviço tem como principal objetivo prevenir a violação de direitos, como abandono, negligência, e violência física ou psicológica, proporcionando aos idosos um ambiente seguro, acolhedor e de convivência comunitária.

Com capacidade para atender até 28 pessoas — sendo 16 mulheres e 12 homens —, a unidade oferece cinco refeições diárias, além de uma ampla programação de atividades internas e externas voltadas à socialização, convivência e estímulo à autonomia. O atendimento é realizado de segunda a sexta-feira, das 8h às 17h, quando os participantes retornam ao convívio familiar ao final do dia.

A equipe técnica da Casa Dia realiza acompanhamento individualizado e mantém contato periódico com os familiares, informando sobre o desenvolvimento das atividades e incentivando o fortalecimento dos vínculos familiares e comunitários.

📍 Endereço: Rua Evaristo da Veiga, 207 – Bairro Campo Grande, Santos
📞 Telefone: (13) 3223-9586

Os interessados em participar do programa devem procurar o Centro de Referência Especializado de Assistência Social (CREAS), localizado na Avenida Conselheiro Nébias, 452 – Encruzilhada, de segunda a sexta-feira, das 9h às 17h, para entrevista e avaliação técnica.",,https://kbekziboncpvjqffmhlx.supabase.co/storage/v1/object/public/media/locations/8z2u2l94ilw.jpg,https://www.santos.sp.gov.br/?q=noticia/casa-dia-maezinha-joana-tem-vagas-para-idosos-em-vulnerabilidade-social,,,254
"-23.9433577,-46.3340282",assistencia,Núcleo de Acolhimento Institucional – NAI,"O Núcleo de Acolhimento Institucional (NAI), localizado na Avenida Francisco Manoel, 252, Santos, é um serviço de acolhimento temporário para crianças e adolescentes que precisam de proteção devido a situações de risco social ou violação de direitos.

O serviço oferece ambiente seguro e estruturado, com cuidados básicos, acompanhamento psicológico e socioeducativo, além de atividades que promovem o desenvolvimento integral e fortalecem vínculos afetivos. A equipe atua em conjunto com famílias de origem e outros serviços da rede de proteção, sempre buscando a reintegração familiar ou, quando necessário, encaminhamento responsável para adoção.

📞 Telefone: (13) 3223-2333",,,,,,255
"-23.5896709,-47.2581059",assistencia,ANÁLIA FRANCO,"Rua Pedro Américo, nº 288. Serviço de Assistência Social.",,,,,,257
"-23.9563013,-46.3229426",assistencia,CASA DA CRIANÇA,"Av. Conselheiro Rodrigues Alves, 120. Tel: 3222-4500. Serviço de Assistência Social.",,,,,,258
"-23.943751,-46.3702801",assistencia,VÓ BENEDITA,"Rua Carlos Caldeira, 675. Tel: 3299-5415. Serviço de Assistência Social.",,https://kbekziboncpvjqffmhlx.supabase.co/storage/v1/object/public/media/locations/lyfpx7k035o.jpg,,,,259
"-23.9408297,-46.3852025",assistencia,VÓ BENEDITA 2,"Rua João Francoli, 855. Serviço de Assistência Social.",,,,,,260
"-23.9393012,-46.3301749",assistencia,SEACOLHE CA,"Rua Júlio de Mesquita, nº 74/78. Tel: 3222-8010. Serviço de Assistência Social.",,,,,,261
"-23.9453881,-46.3330172",assistencia,FAMÍLIA ACOLHEDORA E APADRINHAMENTO AFETIVO,. Programa Família Acolhedora e Apadrinhamento Afetivo.,,"https://kbekziboncpvjqffmhlx.supabase.co/storage/v1/object/public/media/locations/pt5k3wqp48q.jpg,https://kbekziboncpvjqffmhlx.supabase.co/storage/v1/object/public/media/locations/00fzv850gogor.jpg",,,,262
"-23.9453409,-46.3330814",assistencia,SEFAMAC,"O Serviço de Família Acolhedora, vinculado à Secretaria de Desenvolvimento Social (SEDS) de Santos, oferece acolhimento temporário e protetivo a crianças e adolescentes afastados de suas famílias por determinação judicial.

O objetivo do programa é garantir um ambiente familiar, afetuoso e seguro, promovendo o fortalecimento dos vínculos afetivos e comunitários. Sempre que possível, busca-se o retorno à família de origem; quando isso não é viável, o serviço apoia o processo de adoção de forma responsável e humanizada.

A equipe técnica do serviço é responsável por selecionar, capacitar e acompanhar as famílias acolhedoras, além de oferecer apoio contínuo às crianças e adolescentes acolhidos e às suas famílias de origem, assegurando o bem-estar e o desenvolvimento de todos os envolvidos.

📍 Endereço: Av. Senador Pinheiro Machado, 73 – Vila Matias, Santos
📞 Telefone: (13) 3251-9333
🕘 Horário de funcionamento: segunda a sexta-feira, das 9h às 17h",,https://kbekziboncpvjqffmhlx.supabase.co/storage/v1/object/public/media/locations/0g8s1itk46fu.jpg,,,,263
"-23.9616205,-46.332463",assistencia,SEREP,"Rua Miguel Presgrave, nº 26. Tel: 3251-9333. Serviço de Assistência Social.",,,,,,268
"-23.9608642,-46.3242323",assistencia,REP. DE JOVENS,"AV. Senador Dantas, 290. Tel: 3251-0653. Serviço de Assistência Social.",,,,,,269
"-23.9534241,-46.3242696",assistencia,República Bem Viver – Programa de Atendimento ao Idoso,"A República Bem Viver é um serviço vinculado à Secretaria de Desenvolvimento Social (SEDS) de Santos, integrante da rede de Proteção Social Especial de Alta Complexidade. O programa é voltado ao acolhimento institucional de pessoas idosas que se encontram em situação de vulnerabilidade social, sem vínculos familiares ou com vínculos fragilizados.

O serviço oferece moradia, acompanhamento técnico e suporte psicossocial, assegurando o direito à convivência comunitária, à dignidade e à qualidade de vida. Além disso, promove atividades que estimulam a autonomia, a socialização e o fortalecimento dos vínculos afetivos, respeitando as individualidades e histórias de vida de cada idoso.

📍 Endereço: Rua João Guerra, 316 – Santos
📞 Telefone: (13) 3223-1426",,https://kbekziboncpvjqffmhlx.supabase.co/storage/v1/object/public/media/locations/pahxczfkzvk.jpg,,,,270
"-23.9446176,46.3315978",assistencia,REP. VITÓRIA,"Rua Prudente de Moraes, 48/50. Tel: 3223-2148. Serviço de Assistência Social.",,,,,,271
"-23.962970,-46.332610",assistencia,República Renascer,"A República Renascer é um serviço integrante da rede de Proteção Social Especial de Alta Complexidade da Secretaria de Desenvolvimento Social (SEDS) de Santos. O programa tem como finalidade oferecer acolhimento institucional a pessoas adultas em situaçção de risco social, que se encontram com vínculos familiares rompidos ou fragilizados.

O serviço proporciona moradia temporária, acompanhamento psicossocial e suporte técnico especializado, promovendo o fortalecimento da autonomia, da convivência comunitária e da reintegração social dos usuários. As atividades desenvolvidas visam à reconstrução de vínculos e à melhoria da qualidade de vida, respeitando a individualidade de cada residente.

📍 Endereço: Rua Prudente de Moraes, 48/50 – Santos
📞 Telefone: (13) 3232-2160",,https://kbekziboncpvjqffmhlx.supabase.co/storage/v1/object/public/media/locations/qlovucz9r6a.jpg,,,,272
"-23.9730665,-46.3140559",assistencia,CASA DO PARAPLÉGICO,"Rua Nabuco de Araújo, nº 690. Tel: 3236-6006 / 13-3273-2531. Casa do Paraplégico - Acolhimento para pessoas com deficiência.",,,,,,274
"-23.9730665,-46.3140559",assistencia,CASA DO PARAPLÉGICO 2,"Av. Pinheiro Machado, 446. Casa do Paraplégico - Acolhimento para pessoas com deficiência.",,,,,,275
"-23.9378596,-46.3293998",assistencia,CENTRO POP,"Rua Amador Bueno, 446. Tel: 3219-4449 / 3221-8712. Centro de Referência Especializado para População em Situação de Rua.",,,,,,276
"-23.9393012,-46.3301749",assistencia,SEACOLHE AIF,"Rua Bittencourt, 309/311. Tel: 3231-3127. Serviço de Assistência Social.",,,,,,278
"-23.9343827,-46.3332969",assistencia,Casa de Inverno - Abrigo emergencial,"A Casa de Inverno é um abrigo emergencial criado pela Prefeitura de Santos para acolher pessoas em situação de rua durante o período mais frio do ano. O espaço oferece 50 vagas, com leitos, kit de higiene, roupas limpas, jantar e café da manhã, além de canil para animais de estimação.

O local funciona como porta de entrada para outros serviços de resgate da cidadania, integrando a rede de acolhimento e assistência social da Cidade.

Endereço: Rua General Câmara, 249 – Centro, Santos – SP
Funcionamento: das 18h às 7h
Contato da Abordagem Social 24h: 153",,https://kbekziboncpvjqffmhlx.supabase.co/storage/v1/object/public/media/locations/784eqp5tqwx.jpg,,,,279
"-23.9429199,46.3253783",assistencia,CASA ÊXODO,"Cons. Saraiva, nº 13. Serviço de Assistência Social.",,,,,,280
"-23.9399192,-46.32464",assistencia,ALBERGUE NOTURNO,"Rua Bras Cubas, nº 189. Tel: 3232-3771. Albergue Noturno - Acolhimento noturno.",,,,,,281
"-23.9568415,-46.3291129",assistencia,SEABRIGO AIF,"Av. Manoel Tourinho, 352. Tel: 3221-8711. Abrigo - Acolhimento institucional.",,,,,,283
"-23.9474688,-46.3306685",assistencia,CASA DAS ANAS,"Rua Paraná, 219. Tel: 3041-1849. Serviço de Assistência Social.",,,,,,284
"-23.883689,-46.2014323",saude,Policlínica Caruara,Rua Andrade Soares s/nº – Área Continental. Tel: (13) 3268-1358. E-mail: usf-caruara@santos.sp.gov.br.,,,,,,285
"-23.9486532,-46.3891087",saude,Policlínica Castelo,"Rua Francisco de Barros Melo, 184. Tel: (13) 3299-5985. E-mail: usf-castelo@santos.sp.gov.br.",,,,,,286
"-23.9539452,-46.3325043",saude,Policlínica Conselheiro Nébias,"Av. Conselheiro Nébias, 457. Tel: (13) 3222-3512. E-mail: ubs-conselheironebias@santos.sp.gov.br.",,"https://kbekziboncpvjqffmhlx.supabase.co/storage/v1/object/public/media/locations/health/Policlinica_Conselheiro_Nebias/Policlinica_Conselheiro_Nebias_1.jpg,https://kbekziboncpvjqffmhlx.supabase.co/storage/v1/object/public/media/locations/health/Policlinica_Conselheiro_Nebias/Policlinica_Conselheiro_Nebias_2.jpg,https://kbekziboncpvjqffmhlx.supabase.co/storage/v1/object/public/media/locations/health/Policlinica_Conselheiro_Nebias/Policlinica_Conselheiro_Nebias_4.jpg",,,,287
"-23.9651578,-46.3210333",saude,Policlínica Embaré,"Praça Coronel Fernando Prestes, s/nº. Tel: (13) 3228-3632. E-mail: ubs-embare@santos.sp.gov.br.",,"https://kbekziboncpvjqffmhlx.supabase.co/storage/v1/object/public/media/locations/health/Policlinica_Embare/Policlinica_Embare_2.jpeg,https://kbekziboncpvjqffmhlx.supabase.co/storage/v1/object/public/media/locations/health/Policlinica_Embare/Policlinica_Embare_4.jpg",,,,288
"-23.9703093,-46.3156358",saude,Policlínica Estuário,"Avenida Afonso Pena, 541. Tel: (13) 3228-3671. E-mail: usf-estuario@santos.sp.gov.br.",,"https://kbekziboncpvjqffmhlx.supabase.co/storage/v1/object/public/media/locations/health/Policlinica_Estuario/Policlinica_Estuario_1.jpg,https://kbekziboncpvjqffmhlx.supabase.co/storage/v1/object/public/media/locations/health/Policlinica_Estuario/Policlinica_Estuario_2.jpg,https://kbekziboncpvjqffmhlx.supabase.co/storage/v1/object/public/media/locations/health/Policlinica_Estuario/Policlinica_Estuario_4.jpg,https://kbekziboncpvjqffmhlx.supabase.co/storage/v1/object/public/media/locations/health/Policlinica_Estuario/Policlinica_Estuario_5.jpg",,,,289
"-23.9601284,-46.3408857",saude,Policlínica Gonzaga,"Rua Assis Correia, 17. Tel: (13) 3284-0605. E-mail: ubs-gonzaga@santos.sp.gov.br.",,"https://kbekziboncpvjqffmhlx.supabase.co/storage/v1/object/public/media/locations/health/Policlinica_Gonzaga/Policlinica_Gonzaga_1.jpg,https://kbekziboncpvjqffmhlx.supabase.co/storage/v1/object/public/media/locations/health/Policlinica_Gonzaga/Policlinica_Gonzaga_2.jpg",,,,290
"-23.9154312,-46.3083957",saude,Policlínica Ilha Diana,Avenida Principal s/nº. Tel: (13) 3223-3620. E-mail: usf-ilhadiana@santos.sp.gov.br.,,,,,,291
"-23.9407449,-46.3355243",saude,Policlínica Jabaquara,"Rua Vasco da Gama, 32. Tel: (13) 3228-3652. E-mail: usf-jabaquara@santos.sp.gov.br.",,"https://kbekziboncpvjqffmhlx.supabase.co/storage/v1/object/public/media/locations/health/Policlinica_Jabaquara/Policlinica_Jabaquara_1.jpg,https://kbekziboncpvjqffmhlx.supabase.co/storage/v1/object/public/media/locations/health/Policlinica_Jabaquara/Policlinica_Jabaquara_2.jpg,https://kbekziboncpvjqffmhlx.supabase.co/storage/v1/object/public/media/locations/health/Policlinica_Jabaquara/Policlinica_Jabaquara_4.jpg",,,,292
"-23.9632856,-46.3519625",saude,Policlínica Pompeia / José Menino,"Rua Ceará, 11, Pompeia. Tel: (13) 3239-5270. E-mail: ubs-pompeiajm@santos.sp.gov.br.",,,,,,293
"-23.9523445,-46.3600093",saude,Policlínica Marapé,"Rua São Judas Tadeu, s/nº. Tel: (13) 3237-1758. E-mail: ubs-marape@santos.sp.gov.br.",,,,,,294
"-23.9457541,-46.3296696",saude,Policlínica Martins Fontes,"Rua Luiza Macuco, 40, Vila Mathias. Tel: (13) 3232-2300. E-mail: usf-martinsfontes@santos.sp.gov.br.",,,,,,295
"-23.9186713,-46.286613",saude,Policlínica Monte Cabrão,Av. Principal s/nº – Área Continental. Tel: (13) 3352-2001. E-mail: usf-montecabrao@santos.sp.gov.br.,,https://kbekziboncpvjqffmhlx.supabase.co/storage/v1/object/public/media/locations/health/Policlinica_Monte_Cabrao/Policlinica_Monte_Cabrao_1.jpeg,,,,296
"-23.9378174,-46.3283099",saude,Policlínica Monte Serrat,Praça Correa de Melo s/nº. Tel: (13) 3221-8316. E-mail: usf-monteserrat@santos.sp.gov.br.,,"https://kbekziboncpvjqffmhlx.supabase.co/storage/v1/object/public/media/locations/health/Policlinica_Monte_Serrat/Policlinica_Monte_Serrat_1.jpg,https://kbekziboncpvjqffmhlx.supabase.co/storage/v1/object/public/media/locations/health/Policlinica_Monte_Serrat/Policlinica_Monte_Serrat_3.jpg,https://kbekziboncpvjqffmhlx.supabase.co/storage/v1/object/public/media/locations/health/Policlinica_Monte_Serrat/Policlinica_Monte_Serrat_4.jpg",,,,297
"-23.9631945,-46.3679715",saude,Policlínica Morro José Menino,"Rua Doutor Carlos Alberto Curado, 77 A. Tel: (13) 3251-9424. E-mail: usf-josemenino@santos.sp.gov.br.",,https://kbekziboncpvjqffmhlx.supabase.co/storage/v1/object/public/media/locations/health/Policlinica_Morro_Jose_Menino/Policlinica_Morro_Jose_Menino_1.jpg,,,,298
"-23.942919,-46.3529706",saude,Policlínica e Pronto Atendimento Nova Cintra,Rua José Ozéas Barbosa s/n.º. Tel: (13) 3258-6902. E-mail: usf-novacintra@santos.sp.gov.br.,,"https://kbekziboncpvjqffmhlx.supabase.co/storage/v1/object/public/media/locations/health/Policlinica_e_Pronto_Atendimento_Nova_Cintra/Policlinica_e_Pronto_Atendimento_Nova_Cintra_1.jpg,https://kbekziboncpvjqffmhlx.supabase.co/storage/v1/object/public/media/locations/health/Policlinica_e_Pronto_Atendimento_Nova_Cintra/Policlinica_e_Pronto_Atendimento_Nova_Cintra_2.jpg,https://kbekziboncpvjqffmhlx.supabase.co/storage/v1/object/public/media/locations/health/Policlinica_e_Pronto_Atendimento_Nova_Cintra/Policlinica_e_Pronto_Atendimento_Nova_Cintra_3.jpeg",,,,299
"-23.9315786,-46.3533009",saude,Policlínica Penha,"Rua Três, 150. Tel: (13) 3296-2679. E-mail: usf-penha@santos.sp.gov.br.",,,,,,300
"-23.9782444,-46.3110638",saude,Policlínica Ponta da Praia,Praça 1º de Maio s/nº. Tel: (13) 3261–2762. E-mail: ubs-pontadapraia@santos.sp.gov.br.,,"https://kbekziboncpvjqffmhlx.supabase.co/storage/v1/object/public/media/locations/health/Policlinica_Ponta_da_Praia/Policlinica_Ponta_da_Praia_1.jpg,https://kbekziboncpvjqffmhlx.supabase.co/storage/v1/object/public/media/locations/health/Policlinica_Ponta_da_Praia/Policlinica_Ponta_da_Praia_2.jpg,https://kbekziboncpvjqffmhlx.supabase.co/storage/v1/object/public/media/locations/health/Policlinica_Ponta_da_Praia/Policlinica_Ponta_da_Praia_5.jpg",,,,301
"-23.9352115,-46.3264801",saude,Unidade de Cuidado do Porto,"Rua General Câmara, 507, Paquetá. Tel: (13) 3233-3228. E-mail: ubs-porto@santos.sp.gov.br.",,https://kbekziboncpvjqffmhlx.supabase.co/storage/v1/object/public/media/locations/health/Unidade_de_Cuidado_do_Porto/Unidade_de_Cuidado_do_Porto_2.jpg,,,,302
"-23.9404759,-46.3924521",saude,Policlínica Rádio Clube,Avenida Hugo Maia s/nº. Tel: (13) 3299-8988. E-mail: usf-radioclube@santos.sp.gov.br.,,"https://kbekziboncpvjqffmhlx.supabase.co/storage/v1/object/public/media/locations/health/Policlinica_Radio_Clube/Policlinica_Radio_Clube_3.jpg,https://kbekziboncpvjqffmhlx.supabase.co/storage/v1/object/public/media/locations/health/Policlinica_Radio_Clube/Policlinica_Radio_Clube_4.jpg",,,,303
"-23.9386562,-46.3433333",saude,Policlínica São Bento,Rua das Pedras s/nº. Tel: (13) 3222-3913. E-mail: usf-saobento@santos.sp.gov.br.,,"https://kbekziboncpvjqffmhlx.supabase.co/storage/v1/object/public/media/locations/health/Policlinica_Sao_Bento/Policlinica_Sao_Bento_1.jpeg,https://kbekziboncpvjqffmhlx.supabase.co/storage/v1/object/public/media/locations/health/Policlinica_Sao_Bento/Policlinica_Sao_Bento_2.jpg",,,,304
"-23.9447136,-46.3793851",saude,Policlínica Santa Maria / São Jorge,"Rua Maestro Antônio Garofalo, 682 - Santa Maria.",,https://kbekziboncpvjqffmhlx.supabase.co/storage/v1/object/public/media/locations/health/Policlinica_Santa_Maria_Sao_Jorge/Policlinica_Santa_Maria_Sao_Jorge_2.jpg,,,,305
"-23.9294316,-46.3897578",saude,Policlínica São Manoel,Praça Nicolau Geraigire s/nº. Tel: (13) 3299-5063. E-mail: usf-saomanoel@santos.sp.gov.br.,,,,,,306
"-23.9252477,-46.3986764",saude,Policlínica Piratininga,Praça João de Moraes Chaves s/nº. Tel: (13) 3223-4318. E-mail: usf-piratininga@santos.sp.gov.br.,,https://kbekziboncpvjqffmhlx.supabase.co/storage/v1/object/public/media/locations/health/Policlinica_Piratininga/Policlinica_Piratininga_2.jpg,,,,307
"-23.937264,-46.3693917",saude,Policlínica Santa Maria,Rua 10 s/nº – Morro Santa Maria. Tel: (13) 3221-9510. E-mail: usf-santamaria@santos.sp.gov.br.,,"https://kbekziboncpvjqffmhlx.supabase.co/storage/v1/object/public/media/locations/health/Policlinica_Santa_Maria/Policlinica_Santa_Maria_1.jpg,https://kbekziboncpvjqffmhlx.supabase.co/storage/v1/object/public/media/locations/health/Policlinica_Santa_Maria/Policlinica_Santa_Maria_3.jpg",,,,308
"-23.9306814,-46.3422296",saude,Policlínica Valongo,"Rua Prof. Maria Neusa Cunha s/nº, Saboó. Tel: (13) 3219-3110. E-mail: usf-valongo@santos.sp.gov.br.",,https://kbekziboncpvjqffmhlx.supabase.co/storage/v1/object/public/media/locations/health/Policlinica_Valongo/Policlinica_Valongo_1.jpg,,,,309
"-23.9382926,-46.3977676",saude,Policlínica Vila Gilda,"Avenida Brigadeiro Faria Lima, 1281.",,"https://kbekziboncpvjqffmhlx.supabase.co/storage/v1/object/public/media/locations/health/Policlinica_Vila_Gilda/Policlinica_Vila_Gilda_1.jpg,https://kbekziboncpvjqffmhlx.supabase.co/storage/v1/object/public/media/locations/health/Policlinica_Vila_Gilda/Policlinica_Vila_Gilda_4.jpg",,,,310
"-23.9497647,-46.3351981",saude,Policlínica Vila Mathias,"Rua Xavier Pinheiro, 284, Encruzilhada. Tel: (13) 3222-4290. E-mail: ubs-vilamathias@santos.sp.gov.br.",,https://kbekziboncpvjqffmhlx.supabase.co/storage/v1/object/public/media/locations/health/Policlinica_Vila_Mathias/Policlinica_Vila_Mathias_4.jpg,,,,311
"-23.9397239,-46.3282124",saude,Policlínica Vila Nova,Praça Iguatemi Martins nº 29/36. Tel: (13) 3222-3998. E-mail: usf-vilanova@santos.sp.gov.br.,,https://kbekziboncpvjqffmhlx.supabase.co/storage/v1/object/public/media/locations/health/Policlinica_Vila_Nova/Policlinica_Vila_Nova_5.jpg,,,,312
"-23.5202672,-46.447558",saude,Policlínica Vila Progresso,"Rua Três, casas 1 e 2 - Vila Telma – Morro Vila Progresso. Tel: (13) 3258-7301. E-mail: usf-vilaprogresso@santos.sp.gov.br.",,"https://kbekziboncpvjqffmhlx.supabase.co/storage/v1/object/public/media/locations/health/Policlinica_Vila_Progresso/Policlinica_Vila_Progresso_2.jpg,https://kbekziboncpvjqffmhlx.supabase.co/storage/v1/object/public/media/locations/health/Policlinica_Vila_Progresso/Policlinica_Vila_Progresso_3.jpg",,,,313
"-23.9586109,-46.3287151",saude,Ambulatório de Especialidades Nelson Teixeira – AMBESP,"Av. Manoel Tourinho, nº 395 – Macuco. Tel: (13) 3228-3690.",,"https://kbekziboncpvjqffmhlx.supabase.co/storage/v1/object/public/media/locations/health/Ambulatorio_de_Especialidades_Nelson_Teixeira_AMBESP/Ambulatorio_de_Especialidades_Nelson_Teixeira_AMBESP_1.jpg,https://kbekziboncpvjqffmhlx.supabase.co/storage/v1/object/public/media/locations/health/Ambulatorio_de_Especialidades_Nelson_Teixeira_AMBESP/Ambulatorio_de_Especialidades_Nelson_Teixeira_AMBESP_2.jpg,https://kbekziboncpvjqffmhlx.supabase.co/storage/v1/object/public/media/locations/health/Ambulatorio_de_Especialidades_Nelson_Teixeira_AMBESP/Ambulatorio_de_Especialidades_Nelson_Teixeira_AMBESP_3.jpg,https://kbekziboncpvjqffmhlx.supabase.co/storage/v1/object/public/media/locations/health/Ambulatorio_de_Especialidades_Nelson_Teixeira_AMBESP/Ambulatorio_de_Especialidades_Nelson_Teixeira_AMBESP_4.jpg,https://kbekziboncpvjqffmhlx.supabase.co/storage/v1/object/public/media/locations/health/Ambulatorio_de_Especialidades_Nelson_Teixeira_AMBESP/Ambulatorio_de_Especialidades_Nelson_Teixeira_AMBESP_5.jpg",,,,314
"-23.9437246,-46.386958",saude,Ambulatório de Especialidades Zona Noroeste - SEAMBESP - ZNO,"Av. Aprovada, 927 - Castelo, Santos - SP, 11087-180. Tel: (13) 3203-2907.",,"https://kbekziboncpvjqffmhlx.supabase.co/storage/v1/object/public/media/locations/health/Ambulatorio_de_Especialidades_Zona_Noroeste_SEAMBESP_ZNO/Ambulatorio_de_Especialidades_Zona_Noroeste_SEAMBESP_ZNO_1.jpg,https://kbekziboncpvjqffmhlx.supabase.co/storage/v1/object/public/media/locations/health/Ambulatorio_de_Especialidades_Zona_Noroeste_SEAMBESP_ZNO/Ambulatorio_de_Especialidades_Zona_Noroeste_SEAMBESP_ZNO_2.jpg",,,,315
"-23.9599554,-46.3419071",saude,Ambulatório de Tuberculose,"Rua Nabuco de Araújo, 36 - Boqueirão. Tel: (13) 3222-1229.",,https://kbekziboncpvjqffmhlx.supabase.co/storage/v1/object/public/media/locations/health/Ambulatorio_de_Tuberculose/Ambulatorio_de_Tuberculose_2.jpeg,,,,316
"-23.945146,-46.3315473",saude,Ambulatório do Programa Municipal de Atendimento Integral às Vítimas de Violência Sexual - PAIVAS,"Avenida Conselheiro Nébias, 267 - 1° andar. Tel: (13) 99743-7928 e (13) 3235-6466.. Email: paivas@santos.sp.gov.br.",,https://kbekziboncpvjqffmhlx.supabase.co/storage/v1/object/public/media/locations/health/Ambulatorio_do_Programa_Municipal_de_Atendimento_Integral_as_Vitimas_de_Violencia_Sexual_PAIVAS/Ambulatorio_do_Programa_Municipal_de_Atendimento_Integral_as_Vitimas_de_Violencia_Sexual_PAIVAS_4.png,,,,317
"-23.9451229,-46.3316015",saude,Centro de Especialidades Odontológicas da Zona da Orla e Intermediária,"Avenida Conselheiro Nébias n.º 267 – Vila Mathias. Tel: (13) 3228-3650, (13) 3228-3660 e (13) 3228-3661.",,,,,,318
"-23.9438149,-46.3768684",saude,Centro de Especialidades Odontológicas da Zona Noroeste,"Rua Ângelo Martins Melero, 436 – Caneleira. Tel: (13) 3203-6124 e (13) 3291-4083.",,,,,,319
"-23.9658232,-46.3488588",saude,Centro de Referência em Saúde Auditiva,"Av. Bernardino de Campos, 617 – Campo Grande. Tel: (13) 3221-5295.",,,,,,320
"-23.9571129,-46.3583102",saude,Centro de Reabilitação e Estimulação do Neurodesenvolvimento (CREN) – Clínica do Autista,"Rua Heitor Penteado, 80 – Marapé. Tel: (13) 3349-7971.",,"https://kbekziboncpvjqffmhlx.supabase.co/storage/v1/object/public/media/locations/health/Centro_de_Reabilitacao_e_Estimulacao_do_Neurodesenvolvimento_CREN_Clinica_do_Autista/Centro_de_Reabilitacao_e_Estimulacao_do_Neurodesenvolvimento_CREN_Clinica_do_Autista_1.jpg,https://kbekziboncpvjqffmhlx.supabase.co/storage/v1/object/public/media/locations/health/Centro_de_Reabilitacao_e_Estimulacao_do_Neurodesenvolvimento_CREN_Clinica_do_Autista/Centro_de_Reabilitacao_e_Estimulacao_do_Neurodesenvolvimento_CREN_Clinica_do_Autista_2.jpg,https://kbekziboncpvjqffmhlx.supabase.co/storage/v1/object/public/media/locations/health/Centro_de_Reabilitacao_e_Estimulacao_do_Neurodesenvolvimento_CREN_Clinica_do_Autista/Centro_de_Reabilitacao_e_Estimulacao_do_Neurodesenvolvimento_CREN_Clinica_do_Autista_3.jpeg",,,,321
"-23.9485276,-46.3340635",saude,"Centro de Controle de Doenças Infectocontagiosas (HIV/Aids, sífilis e hepatites)",Rua da Constituição 556 – Vila Mathias. Tel: (13) 3229-8796.,,,,,,322
"-23.9408794,-46.386257",saude,Centro Especializado em Reabilitação Física e Intelectual – CER-II,"Rua Bulcão Viana, 855 – Bom Retiro. Tel: (13) 3225-1728.",,,,,,323
"-23.9538159,-46.3325754",saude,Instituto da Mulher e Gestante,Av. Conselheiro Nébias nº 453 - Encruzilhada. Tel: (13) 3222-1359 e (13) 3223-1133.,,"https://kbekziboncpvjqffmhlx.supabase.co/storage/v1/object/public/media/locations/health/Instituto_da_Mulher_e_Gestante/Instituto_da_Mulher_e_Gestante_1.jpg,https://kbekziboncpvjqffmhlx.supabase.co/storage/v1/object/public/media/locations/health/Instituto_da_Mulher_e_Gestante/Instituto_da_Mulher_e_Gestante_2.jpg,https://kbekziboncpvjqffmhlx.supabase.co/storage/v1/object/public/media/locations/health/Instituto_da_Mulher_e_Gestante/Instituto_da_Mulher_e_Gestante_4.png",,,,324
"-23.9488762,-46.3271886",saude,Seção de Atendimento à Rede e Prevenção em Saúde Bucal,"Avenida Conselheiro Nébias, 267 - Primeiro Andar. Tel: (13) 3228-3658.",,,,,,325
"-18.1608088,-53.0917374",saude,Seção Casa de Apoio e Solidariedade ao Paciente de Aids - Secasa,"Rua Luís de Camões, 192 - Vila Mathias. Tel: (13) 3232-3192.",,,,,,326
"-23.9556236,-46.3431952",saude,Seção de Recuperação e Fisioterapia da Zona da Orla/ Intermediária – SERFIS,Av. Conselheiro Nébias n.º 267 – Vila Nova. Tel: (13) 3223-5984 e (13) 3224-1221.,,,,,,327
"-23.9503152,-46.3448845",saude,Centro de Atenção Psicossocial Álcool e outras Drogas,"Rua Monsenhor de Paula Rodrigues, nº 170 - Vila Belmiro. Tel: (13) 3237-2681.",,https://kbekziboncpvjqffmhlx.supabase.co/storage/v1/object/public/media/locations/health/Centro_de_Atencao_Psicossocial_Alcool_e_outras_Drogas/Centro_de_Atencao_Psicossocial_Alcool_e_outras_Drogas_1.jpg,,,,328
"-23.9502995,-46.3323882",saude,Centro de Atenção Psicossocial Álcool e outras Drogas Infanto Juvenil Tô Ligado,"Av. Conselheiro Nébias, 349 - Paquetá. Tel: (13) 3221-8367.",,,,,,329
"-23.9404782,-46.3806085",saude,Centro de Atenção Psicossocial Infantojuvenil da Zona Noroeste Entre Mentes,"Av. Praça Maria Coelho Lopes, nº395 - Santa Maria. Tel: (13) 3299-7901.",,,,,,330
"-23.960181,-46.3549444",saude,Centro de Atenção Psicossocial Infantojuvenil #tamojunto (reúne os antigos Caps Orla e Central),"Av. Pinheiro Machado, 769 - Campo Grande. Tel: (13) 3271-8235 e (13) 3221-4944.",,,,,,331
"-23.955963,-46.3268116",saude,Centro de Atenção Psicossocial Centro,"Avenida Conselheiro Rodrigues Alves, 236 – Macuco. Tel: (13) 3222-1217.",,,,,,332
"-23.9653022,-46.3582132",saude,Centro de Atenção Psicossocial Orquidário,"Avenida Francisco Glicério, 661. Tel: (13) 3251-2094.",,,,,,333
"-23.9790954,-46.3136273",saude,Centro de Atenção Psicossocial Praia,"Av. Cel. Joaquim Montenegro, 329, Ponta da Praia. Tel: (13) 3225-8137.",,,,,,334
"-23.9591709,-46.3551592",saude,Centro de Atenção Psicossocial da Vila,Av. Pinheiro Machado n.º 718 – Marapé. Tel: (13) 3225-5796.,,https://kbekziboncpvjqffmhlx.supabase.co/storage/v1/object/public/media/locations/health/Centro_de_Atencao_Psicossocial_da_Vila/Centro_de_Atencao_Psicossocial_da_Vila_1.jpg,,,,335
"-23.940484,-46.3863032",saude,Centro de Atenção Psicossocial da Zona Noroeste,"Rua Bulcão Viana, 853 – Bom Retiro. Tel: (13) 3299-4368.",,,,,,336
"-23.9477114,-46.3268557",saude,Seção de Reabilitação Psicossocial,"Av. Conselheiro Nébias, 267 - Paquetá. Tel: (13) 3221-1875.",,,,,,337
"-23.9600143,-46.3593195",saude,Serviço de Residência Terapêutica I,"Rua Godofredo Fraga, 32. Tel: (13) 3224-2528.",,"https://kbekziboncpvjqffmhlx.supabase.co/storage/v1/object/public/media/locations/health/Servico_de_Residencia_Terapeutica_I/Servico_de_Residencia_Terapeutica_I_1.jpg,https://kbekziboncpvjqffmhlx.supabase.co/storage/v1/object/public/media/locations/health/Servico_de_Residencia_Terapeutica_I/Servico_de_Residencia_Terapeutica_I_2.png,https://kbekziboncpvjqffmhlx.supabase.co/storage/v1/object/public/media/locations/health/Servico_de_Residencia_Terapeutica_I/Servico_de_Residencia_Terapeutica_I_3.jpg,https://kbekziboncpvjqffmhlx.supabase.co/storage/v1/object/public/media/locations/health/Servico_de_Residencia_Terapeutica_I/Servico_de_Residencia_Terapeutica_I_5.jpg",,,,338
"-23.9600143,-46.3593195",saude,Serviço de Residência Terapêutica II,"Rua Godofredo Fraga, 125. Tel: (13) 3252-1911.",,,,,,339
"-23.9530679,-46.3708845",saude,Serviço de Residência Terapêutica III,"Rua Cyra, 24. Tel: (13) 3225-2999.",,,,,,340
"-23.9568043,-46.3410944",saude,Seção do Serviço de Atendimento Móvel de Urgência - SAMU,"Rua Barão de Paranapiacaba, 241 – Térreo - Encruzilhada.",,https://kbekziboncpvjqffmhlx.supabase.co/storage/v1/object/public/media/locations/health/Secao_do_Servico_de_Atendimento_Movel_de_Urgencia_SAMU/Secao_do_Servico_de_Atendimento_Movel_de_Urgencia_SAMU_1.jpg,,,,341
"-23.9485585,-46.3447542",saude,UPA Central,"Rua Joaquim Távora, 260 – Vila Mathias. Tel: (13) 3213-2500.",,"https://kbekziboncpvjqffmhlx.supabase.co/storage/v1/object/public/media/locations/health/UPA_Central/UPA_Central_2.jpg,https://kbekziboncpvjqffmhlx.supabase.co/storage/v1/object/public/media/locations/health/UPA_Central/UPA_Central_4.jpg",,,,342
"-23.9401348,-46.3859705",saude,UPA Zona Noroeste,"Av. Jovino de Melo, 927 – Bom Retiro. Tel: (13) 3228-3703.",,"https://kbekziboncpvjqffmhlx.supabase.co/storage/v1/object/public/media/locations/health/UPA_Zona_Noroeste/UPA_Zona_Noroeste_1.jpg,https://kbekziboncpvjqffmhlx.supabase.co/storage/v1/object/public/media/locations/health/UPA_Zona_Noroeste/UPA_Zona_Noroeste_2.jpg,https://kbekziboncpvjqffmhlx.supabase.co/storage/v1/object/public/media/locations/health/UPA_Zona_Noroeste/UPA_Zona_Noroeste_4.jpg",,,,343
"-23.9715456,-46.3122051",saude,UPA Zona Leste,Praça Visconde de Ouro Preto s/n° - Estuário. Tel: (13) 3228-3704.,,"https://kbekziboncpvjqffmhlx.supabase.co/storage/v1/object/public/media/locations/health/UPA_Zona_Leste/UPA_Zona_Leste_1.jpg,https://kbekziboncpvjqffmhlx.supabase.co/storage/v1/object/public/media/locations/health/UPA_Zona_Leste/UPA_Zona_Leste_2.jpg,https://kbekziboncpvjqffmhlx.supabase.co/storage/v1/object/public/media/locations/health/UPA_Zona_Leste/UPA_Zona_Leste_3.jpg,https://kbekziboncpvjqffmhlx.supabase.co/storage/v1/object/public/media/locations/health/UPA_Zona_Leste/UPA_Zona_Leste_4.jpg",,,,344
"-23.9514126,-46.3323623",saude,Complexo Hospitalar dos Estivadores,"Av. Conselheiro Nébias, 411. Tel: (13) 3228-3000.",,"https://kbekziboncpvjqffmhlx.supabase.co/storage/v1/object/public/media/locations/health/Complexo_Hospitalar_dos_Estivadores/Complexo_Hospitalar_dos_Estivadores_1.jpeg,https://kbekziboncpvjqffmhlx.supabase.co/storage/v1/object/public/media/locations/health/Complexo_Hospitalar_dos_Estivadores/Complexo_Hospitalar_dos_Estivadores_4.jpg",,,,345
"-23.9451171,-46.3466753",saude,Hospital de Pequeno Porte,Av. Cláudio Luiz da Costa n.º 280 – Jabaquara. Tel: (13) 3228-1880.,,,,,,346
"-23.9433539,-46.3876667",saude,Hospital Municipal Dr. Arthur Domingues Pinto,Rua Agamenon Magalhães s/nº - Castelo. Tel: (13) 3209-8000.,,,,,,347
"-23.9395579, -46.3885336",assistencia,CRAS Rádio Clube,"O CRAS Rádio Clube é um Centro de Referência de Assistência Social localizado no bairro Rádio Clube, em Santos, São Paulo. Oferece serviços de assistência social para famílias e indivíduos em situação de vulnerabilidade, com foco em políticas públicas de proteção social.

**Localização e Contato:**

- **Endereço:** Av. Brg. Faria Lima, 677 - Rádio Clube, Santos - SP, 11088-300
- **Horário de funcionamento:** Segunda a sexta-feira, das 08:00 às 17:00
- **Telefone:** (13) 3291-2655",,https://kbekziboncpvjqffmhlx.supabase.co/storage/v1/object/public/images/cras-radioclube-1773929398027.png,,,,348
"-23.9298774, -46.3657521",assistencia,CRAS Chico de Paula – Centro de Referência de Assistência Social,"CRAS Chico de Paula é um Centro de Referência de Assistência Social localizado em Santos, São Paulo, atendendo à população da região com serviços voltados à proteção social, apoio familiar, inclusão social e programas governamentais. O CRAS atua como ponto de referência para políticas públicas de assistência social, oferecendo suporte a famílias em situação de vulnerabilidade, programas de renda, acompanhamento socioeducativo e encaminhamentos para outros serviços. Localizado próximo ao centro da cidade, o CRAS Chico de Paula é uma unidade estratégica da Prefeitura de Santos, integrada ao sistema de proteção social do município. É recomendado chegar com antecedência, especialmente em dias de grande demanda, para garantir o atendimento.

**Localização e Contato:**

- **Endereço:** Av. Marginal da V. Anchieta, 218 – Chico de Paula, Santos - SP, 11095-000
- **Horário de funcionamento:** Segunda a sexta-feira, das 08:00 às 17:00
- **Telefone:** (13) 3203-5258
- **Agendamento:** agendamentocras.com.br",,https://kbekziboncpvjqffmhlx.supabase.co/storage/v1/object/public/images/cras-alemoa-1773931538778.jpg,Site de Agendamento: https://agendamentocras.com.br,,,349
"-23.9409633, -46.3651369",assistencia,CRAS Bom Retiro,"**CRAS Bom Retiro** é um Centro de Referência de Assistência Social localizado em Santos, São Paulo, voltado para a promoção da cidadania, proteção social e apoio a famílias em situação de vulnerabilidade.

O serviço oferece atendimento socioassistencial, incluindo programas de renda, encaminhamentos para benefícios, apoio psicossocial, acompanhamento de famílias e suporte a crianças, adolescentes, idosos e pessoas com deficiência.

**Endereço:** Av. Nossa Senhora de Fátima, 517 - Altos - Caneleira, Santos - SP, 11085-510

**Horário de funcionamento:**
- Segunda a quinta-feira: 08:00 às 17:00
- Sexta-feira: 13:00 às 17:00

**Telefone:** +55 13 3291-6279

O equipamento faz parte da rede municipal de assistência social e integra o Sistema Único de Assistência Social (SUAS), atuando como ponto de referência para ações de prevenção e proteção social básica.",,,,,,350
"-23.9499083, -46.3977454",assistencia,CRAS Jóquei Clube,"**CRAS Jóquei Clube** – São Vicente, SP

O Centro de Referência de Assistência Social (CRAS) Jóquei Clube está localizado na **Avenida Senador Salgado Filho, 224 – Jóquei Clube, São Vicente – SP, CEP: 11360-200**.

O CRAS é a porta de entrada para a rede socioassistencial do município, oferecendo serviços como o Serviço de Proteção e Atendimento Integral à Família (PAIF) e o Serviço de Convivência e Fortalecimento de Vínculos (SCFV). Também atua na orientação para inscrição no Cadastro Único, necessário para acesso a programas sociais como o Bolsa Família, Benefício de Prestação Continuada (BPC) e outros benefícios governamentais.

A unidade atende **7.200 famílias** referenciadas e tem média mensal de **650 atendimentos**.

**Horário de funcionamento:** Segunda a sexta-feira, das 08h às 17h

**Telefone:** (13) 3466-4219

**Área de abrangência:** Jóquei Clube, Tancredo Neves, Liberdade, Olímpico, entre outros bairros da região.",,,,,,351